Entry_Date,Entry_Date,Exit_Date,Entry,Exit,profit
2008-01-10,2008-01-10,2008-01-17,72.3381118774414,72.7025375366211,3.644256591796875
2008-01-11,2008-01-11,2008-01-18,73.43138122558594,69.31862640380861,-41.127548217773295
2008-04-24,2008-04-24,2008-05-28,53.44937133789063,52.42905044555664,-10.203208923339915
2008-04-25,2008-04-25,2008-05-29,53.89412307739258,53.29241180419922,-6.017112731933594
2008-04-28,2008-04-28,2008-05-30,54.103416442871094,51.59185409545898,-25.115623474121165
2008-04-29,2008-04-29,2008-06-02,54.86213302612305,49.39424133300781,-54.678916931152344
2008-04-30,2008-04-30,2008-06-03,55.22839736938477,47.56287002563477,-76.6552734375
2008-05-02,2008-05-02,2008-06-04,55.72548294067383,46.09778594970703,-96.27696990966797
2008-05-05,2008-05-05,2008-06-05,55.4638557434082,46.01931762695313,-94.44538116455071
2008-05-06,2008-05-06,2008-06-06,54.99293518066406,45.52223587036133,-94.70699310302734
2008-05-07,2008-05-07,2008-06-09,54.20808792114258,44.89433670043945,-93.13751220703125
2008-05-08,2008-05-08,2008-06-10,53.55403137207031,44.58038330078125,-89.73648071289062
2008-05-09,2008-05-09,2008-06-11,53.24007797241211,44.78968048095703,-84.50397491455078
2008-05-12,2008-05-12,2008-06-12,53.24007797241211,45.10363388061523,-81.36444091796882
2008-05-13,2008-05-13,2008-06-13,53.397056579589844,44.81584167480469,-85.81214904785156
2008-07-28,2008-07-28,2008-08-28,51.3825569152832,46.77800750732422,-46.045494079589844
2008-07-29,2008-07-29,2008-08-29,49.31573867797852,48.71401596069336,-6.0172271728516336
2008-07-30,2008-07-30,2008-09-01,51.3825569152832,48.687660217285156,-26.94896697998047
2008-07-31,2008-07-31,2008-09-02,49.57736206054688,51.24461364746094,16.672515869140554
2008-08-01,2008-08-01,2008-09-04,51.01627731323242,50.16384506225586,-8.524322509765625
2008-08-04,2008-08-04,2008-09-05,51.33024215698242,49.05669784545898,-22.735443115234446
2008-08-05,2008-08-05,2008-09-08,53.63249588012695,51.6400260925293,-19.924697875976562
2008-08-06,2008-08-06,2008-09-09,52.27207565307617,51.82454299926758,-4.4753265380859375
2008-08-07,2008-08-07,2008-09-24,52.14126205444336,49.18849563598633,-29.527664184570312
2008-08-08,2008-08-08,2008-09-25,51.251747131347656,47.65959167480469,-35.92155456542969
2008-08-11,2008-08-11,2008-09-26,51.7226676940918,46.89514923095703,-48.275184631347656
2008-08-12,2008-08-12,2008-09-29,50.83314514160156,45.155357360839844,-56.77787780761719
2008-08-13,2008-08-13,2008-09-30,51.04246520996094,45.23444366455078,-58.08021545410156
2008-08-14,2008-08-14,2008-10-01,49.81282806396485,46.73698425292969,-30.758438110351634
2008-08-18,2008-08-18,2008-10-03,49.23727035522461,47.39599609375,-18.412742614746094
2008-09-15,2008-09-15,2008-10-06,47.3169174194336,46.42065811157226,-8.962593078613423
2008-09-16,2008-09-16,2008-10-07,48.23952865600586,47.94955062866211,-2.8997802734375
2008-09-17,2008-09-17,2008-10-08,47.00059509277344,47.58051681518555,5.799217224121094
2008-09-18,2008-09-18,2008-10-10,46.89514923095703,47.29055786132813,3.9540863037110086
2008-09-19,2008-09-19,2008-10-13,49.74207305908203,48.23952865600586,-15.025444030761719
2008-09-22,2008-09-22,2008-10-14,48.66128540039063,47.079673767089844,-15.816116333007884
2008-12-12,2008-12-12,2009-01-19,38.69706344604492,41.25402069091797,25.56957244873047
2008-12-15,2008-12-15,2009-01-20,39.32970809936523,45.86709976196289,65.37391662597663
2008-12-16,2008-12-16,2009-01-21,40.832252502441406,42.80928421020508,19.77031707763672
2008-12-17,2008-12-17,2009-01-22,40.77953720092773,44.83903503417969,40.5949783325196
2008-12-18,2008-12-18,2009-01-23,41.99210739135742,45.47167587280274,34.795684814453196
2008-12-19,2008-12-19,2009-06-22,44.02186584472656,56.40052795410156,123.78662109375
2008-12-22,2008-12-22,2009-06-23,44.04822540283203,56.93085098266602,128.8262557983399
2008-12-23,2008-12-23,2009-06-24,43.1519775390625,57.03692626953125,138.8494873046875
2008-12-24,2008-12-24,2009-06-25,42.41389083862305,56.77175903320313,143.57868194580084
2008-12-26,2008-12-26,2009-06-26,42.49296951293945,58.78702163696289,162.94052124023438
2008-12-29,2008-12-29,2009-06-29,43.38920211791992,59.10522079467773,157.16018676757807
2008-12-30,2008-12-30,2009-06-30,43.31013488769531,58.01803207397461,147.07897186279297
2008-12-31,2008-12-31,2009-07-01,43.83734893798828,56.74523544311523,129.07886505126947
2009-01-02,2009-01-02,2009-07-02,44.46999740600586,58.38926315307617,139.19265747070312
2009-01-29,2009-01-29,2009-07-03,47.68595886230469,59.90070724487305,122.1474838256836
2009-01-30,2009-01-30,2009-07-06,46.52610397338867,54.9686393737793,84.42535400390625
2009-02-02,2009-02-02,2009-07-07,44.0745849609375,55.44593811035156,113.71353149414062
2009-02-03,2009-02-03,2009-07-08,44.78632354736328,54.040565490722656,92.54241943359375
2009-02-18,2009-02-18,2009-07-09,46.58943176269531,54.570884704589844,79.81452941894531
2009-02-19,2009-02-19,2009-07-10,46.7485466003418,54.43830871582031,76.89762115478516
2009-02-20,2009-02-20,2009-07-13,45.76742172241211,54.67695617675781,89.09534454345703
2009-02-24,2009-02-24,2009-07-14,48.68423843383789,57.27557754516602,85.91339111328132
2009-02-25,2009-02-25,2009-07-15,48.55165100097656,58.89309310913086,103.41442108154297
2009-02-26,2009-02-26,2009-07-16,49.26759719848633,58.78702163696289,95.19424438476562
2009-02-27,2009-02-27,2009-07-17,51.38892364501953,59.23778533935547,78.48861694335938
2009-03-02,2009-03-02,2009-07-20,49.0024299621582,59.37038040161133,103.67950439453125
2009-03-03,2009-03-03,2009-07-21,47.25234603881836,58.44230651855469,111.89960479736328
2009-03-04,2009-03-04,2009-07-22,48.55165100097656,57.72634506225586,91.74694061279297
2009-03-05,2009-03-05,2009-07-23,48.631202697753906,60.24541473388672,116.14212036132812
2009-03-06,2009-03-06,2009-08-18,49.08198928833008,57.67331314086914,85.91323852539062
2009-03-09,2009-03-09,2009-08-19,48.23345184326172,56.26794815063477,80.34496307373054
2009-03-12,2009-03-12,2009-08-20,49.63882064819336,56.824790954589844,71.85970306396484
2009-03-20,2009-03-20,2009-08-21,51.22982406616211,57.49206924438477,62.622451782226634
2009-03-23,2009-03-23,2009-08-24,52.078346252441406,57.99919509887695,59.20848846435547
2009-03-24,2009-03-24,2009-08-25,52.18441009521485,58.69314193725586,65.08731842041009
2009-03-25,2009-03-25,2009-08-26,51.468467712402344,58.426231384277344,69.57763671875
2009-03-26,2009-03-26,2009-08-27,51.0442008972168,57.67889404296875,66.34693145751953
2009-03-27,2009-03-27,2009-08-28,50.14263534545898,57.43867874145508,72.96043395996101
2009-03-30,2009-03-30,2009-08-31,50.14263534545898,57.43867874145508,72.96043395996101
2009-03-31,2009-03-31,2009-09-01,50.69949722290039,56.87818145751953,61.786842346191406
2009-04-01,2009-04-01,2009-09-02,48.76379013061523,57.59882736206055,88.3503723144532
2009-04-02,2009-04-02,2009-09-03,49.63882064819336,56.77140426635742,71.32583618164062
2009-04-24,2009-04-24,2009-09-04,53.05944442749024,57.19845581054688,41.390113830566406
2009-04-27,2009-04-27,2009-09-07,51.30937194824219,57.11838150024414,58.09009552001953
2009-04-28,2009-04-28,2009-09-08,48.7902946472168,57.67889404296875,88.88599395751953
2009-04-29,2009-04-29,2009-09-09,49.1085090637207,56.29095840454102,71.8244934082032
2009-04-30,2009-04-30,2009-09-10,49.1085090637207,57.33191680908203,82.23407745361328
2009-05-04,2009-05-04,2009-09-11,49.87748336791992,57.75896453857422,78.81481170654297
2009-05-05,2009-05-05,2009-09-14,50.88509750366211,57.6522102355957,67.67112731933594
2009-05-22,2009-05-22,2009-09-15,62.95011520385742,57.27853012084961,-56.715850830078125
2009-05-25,2009-05-25,2009-09-16,61.836402893066406,57.54544067382813,-42.90962219238274
2009-05-26,2009-05-26,2009-09-17,57.14300918579102,57.67889404296875,5.358848571777273
2009-05-27,2009-05-27,2009-09-18,58.17713928222656,57.5721435546875,-6.049957275390625
2009-05-28,2009-05-28,2009-11-05,59.39690017700195,56.87818145751953,-25.18718719482422
2009-05-29,2009-05-29,2009-11-06,60.96137619018555,56.95824432373047,-40.03131866455078
2009-06-01,2009-06-01,2009-11-09,63.69255828857422,57.30522537231445,-63.873329162597656
2009-06-02,2009-06-02,2009-11-10,63.135719299316406,56.15752792358398,-69.78191375732429
2009-06-03,2009-06-03,2009-11-11,66.60936737060547,57.94581604003906,-86.63551330566406
2009-06-04,2009-06-04,2009-11-12,66.55633544921875,56.77140426635742,-97.84931182861328
2009-06-05,2009-06-05,2009-11-13,66.31768035888672,55.91730117797852,-104.00379180908196
2009-06-08,2009-06-08,2009-11-16,64.14335632324219,56.02406692504883,-81.1928939819336
2009-06-09,2009-06-09,2009-11-17,64.19634246826172,55.99737167358398,-81.98970794677741
2009-06-10,2009-06-10,2009-11-18,64.85926055908203,55.75717163085938,-91.02088928222649
2009-06-11,2009-06-11,2009-11-19,65.01836395263672,55.83724212646485,-91.81121826171868
2009-06-12,2009-06-12,2009-11-20,64.30242919921875,57.01161575317383,-72.90813446044922
2009-06-15,2009-06-15,2009-11-23,64.67366027832031,56.69134521484375,-79.82315063476562
2009-07-29,2009-07-29,2009-11-24,62.26066589355469,55.43687057495117,-68.23795318603516
2009-07-30,2009-07-30,2009-11-25,63.135719299316406,55.89060974121094,-72.45109558105469
2009-07-31,2009-07-31,2009-11-26,62.26066589355469,55.03650665283203,-72.24159240722656
2009-08-03,2009-08-03,2009-11-30,62.2076301574707,53.27490997314453,-89.32720184326172
2009-08-04,2009-08-04,2009-12-01,61.46518325805664,54.71621322631836,-67.48970031738281
2009-08-05,2009-08-05,2009-12-02,60.9083366394043,55.00981903076172,-58.98517608642578
2009-08-06,2009-08-06,2009-12-03,59.68855667114258,55.03650665283203,-46.52050018310547
2009-08-07,2009-08-07,2009-12-04,59.82113647460938,55.38349151611328,-44.37644958496101
2009-08-10,2009-08-10,2009-12-07,58.68095397949219,55.25004196166992,-34.309120178222656
2009-08-11,2009-08-11,2009-12-08,59.05216598510742,55.89060974121094,-31.615562438964844
2009-10-01,2009-10-01,2009-12-09,58.55970001220703,55.51692962646485,-30.427703857421804
2009-10-05,2009-10-05,2009-12-10,58.13263320922852,56.31765365600586,-18.149795532226634
2009-10-06,2009-10-06,2009-12-11,58.45294952392578,56.13083267211914,-23.221168518066406
2009-10-07,2009-10-07,2009-12-14,58.07925415039063,56.02406692504883,-20.55187225341804
2009-10-22,2009-10-22,2009-12-15,58.23939895629883,56.02406692504883,-22.1533203125
2009-10-23,2009-10-23,2009-12-16,58.87998962402344,55.81053924560547,-30.694503784179688
2009-10-26,2009-10-26,2009-12-17,58.69314193725586,55.86392211914063,-28.292198181152273
2009-10-27,2009-10-27,2009-12-18,58.23939895629883,55.81053924560547,-24.288597106933594
2010-01-08,2010-01-08,2010-02-09,61.30885314941406,57.957923889160156,-33.50929260253906
2010-01-11,2010-01-11,2010-02-10,61.60375213623047,57.52898406982422,-40.7476806640625
2010-01-12,2010-01-12,2010-02-11,60.71910095214844,57.39495468139648,-33.2414627075196
2010-01-13,2010-01-13,2010-02-15,61.63055038452149,56.24222183227539,-53.88328552246101
2010-01-14,2010-01-14,2010-02-16,62.91730880737305,57.23411178588867,-56.83197021484375
2010-01-15,2010-01-15,2010-02-17,63.61430358886719,57.421775817871094,-61.92527770996094
2010-01-18,2010-01-18,2010-02-18,63.05134963989258,57.98472213745117,-50.66627502441406
2010-01-19,2010-01-19,2010-02-19,62.32754135131836,57.44856262207031,-48.78978729248047
2010-01-20,2010-01-20,2010-02-22,62.67604064941406,57.36813354492188,-53.079071044921804
2010-01-21,2010-01-21,2010-02-23,60.93354797363281,57.15368270874024,-37.79865264892571
2010-01-22,2010-01-22,2010-02-24,61.28205871582031,56.96603012084961,-43.16028594970703
2010-01-25,2010-01-25,2010-02-25,61.81819915771485,57.07326889038086,-47.449302673339915
2010-01-27,2010-01-27,2010-02-26,60.74589538574219,57.66303253173828,-30.828628540039062
2010-01-28,2010-01-28,2010-03-02,61.06756591796875,57.66303253173828,-34.04533386230469
2010-01-29,2010-01-29,2010-03-03,60.4242057800293,58.27960205078125,-21.44603729248047
2010-02-01,2010-02-01,2010-03-04,60.55824661254883,58.333213806152344,-22.250328063964844
2010-03-15,2010-03-15,2010-03-22,56.10818481445313,57.66303253173828,15.548477172851491
2010-03-16,2010-03-16,2010-03-23,56.26903533935547,57.87750625610352,16.08470916748054
2010-03-17,2010-03-17,2010-03-25,57.01963806152344,57.07326889038086,0.5363082885742188
2010-04-15,2010-04-15,2010-05-12,57.71664047241211,57.28771591186523,-4.289245605468821
2010-04-16,2010-04-16,2010-05-13,57.85068893432617,58.09194564819336,2.412567138671875
2010-04-19,2010-04-19,2010-05-14,57.66303253173828,56.96603012084961,-6.970024108886719
2010-04-20,2010-04-20,2010-05-17,57.87750625610352,55.572044372558594,-23.05461883544929
2010-04-21,2010-04-21,2010-05-18,59.00341796875,55.75968551635742,-32.43732452392578
2010-04-22,2010-04-22,2010-05-19,58.25279235839844,55.06269454956055,-31.900978088378906
2010-04-23,2010-04-23,2010-05-20,58.7889404296875,55.81331634521485,-29.75624084472649
2010-04-26,2010-04-26,2010-05-21,59.19105529785156,55.41120147705078,-37.79853820800781
2010-04-27,2010-04-27,2010-05-24,60.69228744506836,55.08950424194336,-56.02783203125
2010-04-28,2010-04-28,2010-05-25,61.60375213623047,54.09762954711914,-75.06122589111328
2010-04-29,2010-04-29,2010-05-26,59.217857360839844,55.33076477050781,-38.87092590332031
2010-04-30,2010-04-30,2010-05-27,59.00341796875,54.3388900756836,-46.64527893066399
2010-05-03,2010-05-03,2010-05-28,58.62810897827149,55.25034713745117,-33.777618408203196
2010-05-04,2010-05-04,2010-05-31,57.63621520996094,55.3843879699707,-22.518272399902344
2010-05-05,2010-05-05,2010-06-01,57.502197265625,55.78649520874024,-17.157020568847585
2010-05-06,2010-05-06,2010-06-02,57.23411178588867,55.97415542602539,-12.599563598632812
2010-05-07,2010-05-07,2010-06-03,56.83198928833008,56.61752319335938,-2.14466094970696
2010-05-10,2010-05-10,2010-06-04,57.957923889160156,56.69795227050781,-12.599716186523438
2010-08-20,2010-08-20,2010-09-24,55.33076477050781,57.11936569213867,17.886009216308594
2010-08-23,2010-08-23,2010-09-27,55.947349548339844,57.281700134277344,13.343505859375
2010-08-24,2010-08-24,2010-09-28,55.25034713745117,57.84992599487305,25.99578857421875
2010-08-25,2010-08-25,2010-09-29,55.25034713745117,58.79694366455078,35.465965270996094
2010-08-30,2010-08-30,2010-09-30,58.30641174316406,57.63345336914063,-6.729583740234304
2010-08-31,2010-08-31,2010-10-26,58.333213806152344,55.30648040771485,-30.26733398437493
2010-09-01,2010-09-01,2010-10-27,58.01152038574219,55.117088317871094,-28.944320678710938
2010-09-02,2010-09-02,2010-10-28,57.6898307800293,54.0888671875,-36.00963592529297
2010-09-03,2010-09-03,2010-10-29,57.90428924560547,54.33240127563477,-35.71887969970696
2010-09-06,2010-09-06,2010-11-01,57.93109893798828,54.46768569946289,-34.634132385253906
2010-09-07,2010-09-07,2010-11-02,57.74170684814453,54.17004013061523,-35.71666717529304
2010-09-08,2010-09-08,2010-11-03,57.63345336914063,54.35944747924805,-32.74005889892585
2010-09-09,2010-09-09,2010-11-04,56.55115509033203,54.92766952514648,-16.23485565185554
2010-09-13,2010-09-13,2010-11-08,57.11936569213867,53.2230110168457,-38.96354675292969
2010-10-06,2010-10-06,2010-11-09,60.47455978393555,56.17232894897461,-43.022308349609375
2010-10-07,2010-10-07,2010-11-10,59.12166213989258,55.19823837280274,-39.234237670898366
2010-10-08,2010-10-08,2010-11-11,59.2569465637207,54.79237365722656,-44.645729064941406
2010-10-11,2010-10-11,2010-11-12,59.47340393066406,53.87242889404297,-56.00975036621094
2010-10-12,2010-10-12,2010-11-15,59.22988891601562,54.76531982421875,-44.64569091796868
2010-10-13,2010-10-13,2010-11-16,59.44634628295898,54.19710159301758,-52.49244689941399
2010-10-14,2010-10-14,2010-11-18,57.876991271972656,54.87355041503906,-30.034408569335938
2010-10-15,2010-10-15,2010-11-19,57.76875305175781,55.1441421508789,-26.246109008789134
2011-01-12,2011-01-12,2011-02-08,52.62774658203125,51.78893661499024,-8.388099670410085
2011-01-13,2011-01-13,2011-02-09,52.3571662902832,51.89717483520508,-4.59991455078125
2011-01-14,2011-01-14,2011-02-10,52.817161560058594,51.6265983581543,-11.905632019042969
2011-01-24,2011-01-24,2011-02-11,53.33124923706055,52.44262313842773,-8.886260986328196
2011-01-25,2011-01-25,2011-02-14,53.25007629394531,53.61223983764648,3.6216354370116477
2011-01-31,2011-01-31,2011-02-15,52.24893188476562,53.721046447753906,14.721145629882884
2011-02-01,2011-02-01,2011-02-16,51.76187515258789,53.63943481445313,18.775596618652415
2011-02-02,2011-02-02,2011-03-17,51.70777130126953,53.50343704223633,17.95665740966797
2011-02-03,2011-02-03,2011-03-18,53.38536071777344,53.28583145141602,-0.9952926635741477
2011-02-04,2011-02-04,2011-03-21,52.6548080444336,52.98662567138672,3.318176269531179
2011-02-24,2011-02-24,2011-03-22,53.44903945922852,52.95943069458008,-4.896087646484446
2011-02-25,2011-02-25,2011-03-23,53.9658317565918,53.01382446289063,-9.520072937011648
2011-02-28,2011-02-28,2011-03-24,53.82982635498047,53.28583145141602,-5.43994903564446
2011-03-01,2011-03-01,2011-03-25,54.12904739379883,53.39461898803711,-7.3442840576171875
2011-03-03,2011-03-03,2011-03-28,54.02025985717773,53.91144561767578,-1.0881423950194602
2011-03-04,2011-03-04,2011-03-29,53.8570442199707,54.29225540161133,4.35211181640625
2011-03-07,2011-03-07,2011-03-30,53.34022521972656,54.945068359375,16.048431396484375
2011-03-08,2011-03-08,2011-05-11,53.28583145141602,56.65869522094727,33.7286376953125
2011-03-09,2011-03-09,2011-05-12,53.34022521972656,55.16266250610352,18.224372863769602
2011-03-10,2011-03-10,2011-05-13,53.53063583374024,55.13547134399414,16.04835510253899
2011-04-05,2011-04-05,2011-05-16,57.22990417480469,55.38027954101562,-18.496246337890696
2011-04-06,2011-04-06,2011-05-17,57.14831161499024,55.21706771850586,-19.31243896484382
2011-04-07,2011-04-07,2011-05-19,57.09390640258789,53.77544403076172,-33.18462371826172
2011-04-08,2011-04-08,2011-05-20,57.06671905517578,54.945068359375,-21.216506958007812
2011-04-11,2011-04-11,2011-05-23,56.71309280395508,54.18344116210938,-25.29651641845696
2011-04-13,2011-04-13,2011-05-24,57.257102966308594,53.74824523925781,-35.08857727050781
2011-04-15,2011-04-15,2011-05-25,57.14831161499024,52.79623031616211,-43.52081298828132
2011-04-18,2011-04-18,2011-05-26,56.68589782714844,51.98020553588867,-47.056922912597656
2011-04-19,2011-04-19,2011-05-27,56.27788925170898,53.12263107299805,-31.552581787109304
2011-04-20,2011-04-20,2011-05-30,56.71309280395508,53.8570442199707,-28.56048583984375
2011-04-21,2011-04-21,2011-05-31,56.90351486206055,54.97226333618164,-19.312515258789062
2011-04-25,2011-04-25,2011-06-01,56.87630081176758,54.754661560058594,-21.216392517089844
2011-04-26,2011-04-26,2011-06-02,56.74031066894531,53.99304580688477,-27.472648620605398
2011-04-27,2011-04-27,2011-06-03,56.767494201660156,54.945068359375,-18.224258422851562
2011-04-28,2011-04-28,2011-06-06,56.60429000854492,55.21706771850586,-13.872222900390625
2011-06-29,2011-06-29,2011-07-26,59.89555740356445,59.29714584350586,-5.9841156005859375
2011-06-30,2011-06-30,2011-07-27,59.56916046142578,58.29072570800781,-12.784347534179688
2011-07-01,2011-07-01,2011-07-28,59.9771728515625,57.420310974121094,-25.568618774414062
2011-07-04,2011-07-04,2011-08-04,60.0859489440918,56.84910583496094,-32.368431091308594
2011-07-05,2011-07-05,2011-08-05,59.62356185913086,55.65227890014648,-39.71282958984382
2011-07-06,2011-07-06,2011-08-08,59.32436752319336,55.73388290405274,-35.90484619140618
2011-07-07,2011-07-07,2011-08-09,59.8139533996582,55.43467330932617,-43.79280090332031
2011-07-08,2011-07-08,2011-08-10,59.40594863891602,56.3322868347168,-30.73661804199226
2011-07-11,2011-07-11,2011-08-11,58.75314331054688,56.03308486938477,-27.200584411621094
2011-07-12,2011-07-12,2011-08-12,58.8619499206543,56.35950469970703,-25.024452209472656
2011-07-13,2011-07-13,2011-08-16,59.949951171875,56.35950469970703,-35.90446472167969
2011-10-17,2011-10-17,2011-11-28,53.92526626586914,53.51194381713867,-4.1332244873046875
2011-10-21,2011-10-21,2011-11-29,54.55902481079102,52.4648551940918,-20.94169616699226
2011-10-24,2011-10-24,2011-11-30,55.52346420288086,54.61414337158203,-9.093208312988281
2011-10-25,2011-10-25,2011-12-01,57.25941467285156,55.110130310058594,-21.492843627929688
2011-10-28,2011-10-28,2011-12-02,57.86563491821289,56.98388290405274,-8.817520141601491
2011-10-31,2011-10-31,2011-12-05,57.78298950195313,56.57056427001953,-12.124252319336009
2011-11-01,2011-11-01,2011-12-07,57.12165451049805,56.84610366821289,-2.7555084228515625
2011-11-02,2011-11-02,2011-12-08,56.81855392456055,54.77947616577149,-20.390777587890554
2011-11-03,2011-11-03,2011-12-20,57.3696403503418,53.75994491577149,-36.096954345703054
2011-11-04,2011-11-04,2011-12-21,57.23186874389648,53.95282745361328,-32.79041290283196
2011-11-08,2011-11-08,2011-12-22,57.23186874389648,55.46834945678711,-17.63519287109368
2011-11-09,2011-11-09,2011-12-23,57.0665397644043,55.79902267456055,-12.6751708984375
2011-11-11,2011-11-11,2011-12-26,58.11363220214844,55.57856750488281,-25.35064697265625
2011-11-14,2011-11-14,2011-12-27,58.05854034423828,54.53148651123047,-35.270538330078125
2011-11-15,2011-11-15,2012-03-13,57.09410095214844,61.82587814331055,47.317771911621094
2011-11-16,2011-11-16,2012-03-14,57.42475509643555,62.51992797851562,50.95172882080071
2011-11-17,2011-11-17,2012-03-15,56.84610366821289,61.27064895629883,44.245452880859375
2011-11-18,2011-11-18,2012-03-22,55.63368225097656,58.99416732788086,33.60485076904297
2011-11-21,2011-11-21,2012-03-23,54.58659362792969,59.79924011230469,52.12646484375
2011-11-22,2011-11-22,2012-03-26,53.95282745361328,58.82758712768555,48.747596740722656
2011-11-23,2011-11-23,2012-03-27,52.382179260253906,58.7165412902832,63.34362030029297
2011-11-24,2011-11-24,2012-03-28,52.51996231079102,58.966392517089844,64.46430206298821
2011-12-14,2011-12-14,2012-03-29,53.0986213684082,58.744300842285156,56.45679473876953
2011-12-15,2011-12-15,2012-03-30,54.751930236816406,60.04911804199219,52.97187805175781
2012-01-06,2012-01-06,2012-04-02,54.97235107421875,60.29896926879883,53.26618194580078
2012-01-09,2012-01-09,2012-04-03,55.88167572021485,61.1318359375,52.50160217285149
2012-01-10,2012-01-10,2012-04-04,56.54299926757813,61.54826736450195,50.05268096923821
2012-01-11,2012-01-11,2012-04-09,55.22036361694336,60.90972518920898,56.89361572265618
2012-01-12,2012-01-12,2012-04-10,55.413246154785156,61.29839324951172,58.851470947265625
2012-01-13,2012-01-13,2012-05-04,56.184776306152344,59.27179336547852,30.87017059326179
2012-01-16,2012-01-16,2012-05-07,55.19280624389648,58.744300842285156,35.51494598388679
2012-01-17,2012-01-17,2012-05-08,55.38567733764648,58.7165412902832,33.30863952636726
2012-01-18,2012-01-18,2012-05-09,54.61414337158203,57.88367462158203,32.6953125
2012-01-19,2012-01-19,2012-05-10,55.08257675170898,56.91200637817383,18.29429626464851
2012-01-20,2012-01-20,2012-05-11,55.90923690795898,56.27348709106445,3.6425018310547586
2012-01-23,2012-01-23,2012-05-14,55.6612319946289,56.21797180175781,5.5673980712891336
2012-01-24,2012-01-24,2012-05-15,55.413246154785156,57.13410568237305,17.208595275878906
2012-02-02,2012-02-02,2012-05-16,57.920753479003906,58.05025100708008,1.2949752807617188
2012-02-03,2012-02-03,2012-05-17,58.940284729003906,58.16130065917969,-7.7898406982421875
2012-02-06,2012-02-06,2012-05-18,60.07004928588867,58.35564041137695,-17.144088745117188
2012-02-07,2012-02-07,2012-05-21,59.38119125366211,57.71711349487305,-16.640777587890625
2012-02-08,2012-02-08,2012-05-22,59.35361862182617,57.57829666137695,-17.753219604492188
2012-02-09,2012-02-09,2012-05-23,59.95982360839844,57.52277374267578,-24.370498657226562
2012-02-10,2012-02-10,2012-05-24,59.16073226928711,58.49444961547852,-6.6628265380858664
2012-02-13,2012-02-13,2012-05-25,60.8819694519043,57.80038452148438,-30.815849304199148
2012-02-14,2012-02-14,2012-05-28,60.74316024780274,59.07743453979492,-16.657257080078196
2012-02-15,2012-02-15,2012-05-29,61.46497344970703,59.60491943359375,-18.600540161132812
2012-02-16,2012-02-16,2012-05-30,61.46497344970703,58.91087341308594,-25.541000366210938
2012-02-17,2012-02-17,2012-05-31,62.02021789550781,58.93864059448242,-30.815773010253906
2012-02-21,2012-02-21,2012-06-01,61.38168716430664,57.55053329467773,-38.311538696289134
2012-02-22,2012-02-22,2012-08-29,61.04854965209961,66.10122680664061,50.526771545410014
2012-02-23,2012-02-23,2012-08-30,62.54769134521485,67.60037231445311,50.5268096923826
2012-02-24,2012-02-24,2012-10-01,63.46383666992188,67.36845397949219,39.046173095703054
2012-02-27,2012-02-27,2012-10-03,61.93693161010742,66.02166748046875,40.84735870361328
2012-02-28,2012-02-28,2012-10-04,62.07574462890625,66.21807098388672,41.42326354980469
2012-02-29,2012-02-29,2012-10-05,62.74203872680664,66.33029937744139,35.882606506347514
2012-03-01,2012-03-01,2012-10-08,62.46440887451172,66.61089324951172,41.46484375
2012-03-02,2012-03-02,2012-10-09,62.32560729980469,67.45262908935547,51.27021789550781
2012-03-05,2012-03-05,2012-10-10,61.24287033081055,67.03177642822266,57.889060974121094
2012-03-06,2012-03-06,2012-10-11,61.65930557250977,66.86339569091797,52.04090118408196
2012-04-17,2012-04-17,2012-10-12,63.075157165527344,67.31237030029297,42.37213134765625
2012-04-18,2012-04-18,2012-10-15,63.21398544311523,66.695068359375,34.81082916259773
2012-04-19,2012-04-19,2012-11-01,63.658180236816406,65.62882995605469,19.706497192382812
2012-04-20,2012-04-20,2012-11-02,63.21398544311523,66.21807098388672,30.040855407714915
2012-04-23,2012-04-23,2012-11-05,61.49275588989258,65.68495941162111,41.9220352172853
2012-04-24,2012-04-24,2012-11-06,61.07632064819336,67.14400482177734,60.676841735839844
2012-04-25,2012-04-25,2012-11-07,60.21568298339844,67.34041595458984,71.24732971191406
2012-04-26,2012-04-26,2012-11-08,60.0213623046875,66.695068359375,66.737060546875
2012-04-27,2012-04-27,2012-11-09,60.10464096069336,67.08788299560547,69.8324203491211
2012-06-12,2012-06-12,2012-12-18,59.77149200439453,65.7130126953125,59.41520690917969
2012-06-13,2012-06-13,2012-12-19,59.74374008178711,65.20796203613281,54.64221954345703
2012-06-14,2012-06-14,2012-12-20,58.68877792358398,64.98348999023439,62.94712066650412
2012-06-15,2012-06-15,2012-12-21,58.88311004638672,64.36620330810547,54.8309326171875
2012-06-18,2012-06-18,2012-12-24,59.4383544921875,64.19784545898439,47.59490966796889
2012-06-19,2012-06-19,2012-12-26,60.38225173950195,64.70290374755861,43.20652008056655
2012-06-20,2012-06-20,2012-12-27,60.18792343139648,63.66475296020508,34.76829528808601
2012-06-21,2012-06-21,2012-12-28,60.93750381469727,63.69280624389648,27.553024291992045
2012-06-22,2012-06-22,2012-12-31,61.10406494140625,64.39426422119139,32.90199279785142
2012-06-25,2012-06-25,2013-01-01,59.88255310058594,63.88921737670898,40.0666427612304
2012-06-26,2012-06-26,2013-01-02,60.99301147460938,63.46833038330078,24.75318908691399
2012-06-27,2012-06-27,2013-01-03,60.96527481079102,64.05755615234375,30.922813415527273
2012-06-28,2012-06-28,2013-01-04,60.90972518920898,64.50650024414061,35.967750549316335
2012-06-29,2012-06-29,2013-01-07,63.04741668701172,64.19784545898439,11.504287719726705
2012-07-02,2012-07-02,2013-01-08,62.51992797851562,65.34824371337889,28.28315734863274
2012-07-03,2012-07-03,2013-01-09,61.99243545532226,64.84320831298828,28.507728576660227
2012-07-04,2012-07-04,2013-01-10,62.74203872680664,63.91727066040039,11.7523193359375
2012-07-05,2012-07-05,2013-01-11,63.46383666992188,63.49639129638672,0.32554626464836645
2012-07-06,2012-07-06,2013-01-17,62.74203872680664,63.21580505371094,4.737663269042969
2012-07-09,2012-07-09,2013-01-18,62.63097763061523,64.50650024414061,18.755226135253835
2012-07-10,2012-07-10,2013-01-21,62.8253059387207,63.91727066040039,10.919647216796875
2012-07-11,2012-07-11,2013-01-22,63.10293960571289,63.69280624389648,5.8986663818358664
2012-07-18,2012-07-18,2013-01-23,61.74259948730469,62.93523025512695,11.926307678222656
2012-07-19,2012-07-19,2013-01-29,62.18678665161133,62.90716934204102,7.203826904296946
2012-08-03,2012-08-03,2013-01-30,65.68478393554689,62.57046508789063,-31.14318847656257
2012-08-06,2012-08-06,2013-01-31,66.87856292724611,61.8409309387207,-50.37631988525405
2012-08-07,2012-08-07,2013-02-01,65.82361602783203,61.98123168945313,-38.42384338378899
2012-08-08,2012-08-08,2013-02-04,66.04569244384766,62.40210342407226,-36.43589019775398
2012-08-09,2012-08-09,2013-02-05,66.10122680664061,61.50423431396485,-45.9699249267576
2012-08-10,2012-08-10,2013-02-06,66.37885284423828,61.36394882202149,-50.1490402221679
2012-08-13,2012-08-13,2013-02-07,66.57318115234375,62.6265754699707,-39.46605682373047
2012-08-14,2012-08-14,2013-02-08,66.65646362304689,62.43017196655274,-42.26291656494148
2012-08-16,2012-08-16,2013-02-11,66.68421173095703,63.15970993041992,-35.245018005371094
2012-08-17,2012-08-17,2013-02-12,65.32389068603516,63.32804870605469,-19.958419799804688
2012-08-21,2012-08-21,2013-02-13,66.37885284423828,61.67257690429688,-47.06275939941399
2012-08-22,2012-08-22,2013-02-14,66.04569244384766,59.3156623840332,-67.30030059814453
2012-09-10,2012-09-10,2013-02-21,68.43468475341797,60.88847732543945,-75.46207427978516
2012-09-11,2012-09-11,2013-02-22,67.87351989746094,62.14214324951172,-57.31376647949219
2012-09-12,2012-09-12,2013-02-25,68.12606048583984,63.8516731262207,-42.743873596191406
2012-09-13,2012-09-13,2013-02-26,67.98574829101561,63.22483444213867,-47.60913848876939
2012-09-14,2012-09-14,2013-02-27,67.34041595458984,62.056640625,-52.83775329589844
2012-09-17,2012-09-17,2013-03-28,65.99358367919922,60.29011917114258,-57.034645080566406
2012-09-18,2012-09-18,2013-04-01,66.02166748046875,60.11915588378906,-59.025115966796875
2012-09-20,2012-09-20,2013-04-02,65.51660919189453,60.68902587890625,-48.27583312988281
2012-11-16,2012-11-16,2013-04-03,66.83534240722656,60.51805114746094,-63.17291259765625
2012-11-19,2012-11-19,2013-04-04,67.36845397949219,59.54931259155274,-78.19141387939446
2012-11-20,2012-11-20,2013-04-05,68.51885986328125,59.63478088378906,-88.84078979492188
2012-11-21,2012-11-21,2013-04-08,67.39652252197266,59.34985733032226,-80.46665191650398
2012-11-22,2012-11-22,2013-04-09,66.83534240722656,58.8654899597168,-79.69852447509766
2012-11-23,2012-11-23,2013-04-10,67.20011901855469,59.60629653930664,-75.93822479248047
2012-11-26,2012-11-26,2013-04-12,67.56487274169922,60.11915588378906,-74.45716857910156
2012-12-11,2012-12-11,2013-04-15,65.93748474121094,59.29288864135742,-66.44596099853516
2013-03-04,2013-03-04,2013-04-16,61.80022811889648,60.91694641113281,-8.832817077636648
2013-03-05,2013-03-05,2013-04-17,61.885704040527344,60.91694641113281,-9.687576293945312
2013-04-29,2013-04-29,2013-06-13,62.93992233276367,60.26161575317383,-26.783065795898438
2013-04-30,2013-04-30,2013-06-14,63.9371566772461,62.170631408691406,-17.665252685546946
2013-05-02,2013-05-02,2013-06-17,65.47573852539061,61.65774917602539,-38.1798934936522
2013-05-03,2013-05-03,2013-06-18,63.82318878173828,61.77173614501953,-20.5145263671875
2013-05-06,2013-05-06,2013-06-19,63.88016891479492,61.25886154174805,-26.21307373046875
2013-05-07,2013-05-07,2013-06-20,64.22208404541016,60.3186149597168,-39.034690856933594
2013-05-08,2013-05-08,2013-06-21,65.39028930664061,61.08790588378906,-43.02383422851548
2013-05-09,2013-05-09,2013-06-24,64.67796325683594,60.34709930419922,-43.30863952636719
2013-05-10,2013-05-10,2013-06-25,64.02263641357422,58.75152587890625,-52.71110534667969
2013-05-13,2013-05-13,2013-06-26,63.9371566772461,60.404075622558594,-35.33081054687507
2013-05-14,2013-05-14,2013-06-27,65.16233062744139,60.71750259399414,-44.448280334472514
2013-05-15,2013-05-15,2013-06-28,64.82042694091797,63.42430114746094,-13.961257934570312
2013-05-16,2013-05-16,2013-07-01,64.90589141845703,64.33605194091797,-5.698394775390625
2013-05-17,2013-05-17,2013-07-02,66.13108825683594,63.45277786254883,-26.783103942871094
2013-05-20,2013-05-20,2013-07-03,65.13385009765625,61.7147331237793,-34.19116973876953
2013-05-21,2013-05-21,2013-08-06,64.22208404541016,53.30945205688477,-109.12631988525384
2013-05-22,2013-05-22,2013-08-07,64.19357299804689,53.16698455810547,-110.2658843994142
2013-05-23,2013-05-23,2013-08-08,62.45554733276367,54.70558166503906,-77.4996566772461
2013-05-24,2013-05-24,2013-08-12,62.1136360168457,54.19273376464844,-79.20902252197266
2013-05-27,2013-05-27,2013-08-13,63.908653259277344,54.79106140136719,-91.17591857910156
2013-07-17,2013-07-17,2013-08-14,63.19635391235352,55.33242416381836,-78.63929748535163
2013-07-18,2013-07-18,2013-08-16,63.25333023071289,55.84529495239258,-74.08035278320312
2013-07-19,2013-07-19,2013-08-19,63.45277786254883,54.99050903320313,-84.62268829345696
2013-07-22,2013-07-22,2013-08-20,63.33880996704102,54.96202087402344,-83.76789093017585
2013-07-23,2013-07-23,2013-08-21,62.76896286010742,55.61735534667969,-71.51607513427734
2013-07-24,2013-07-24,2013-08-22,62.6834831237793,55.90227127075195,-67.81211853027344
2013-07-25,2013-07-25,2013-08-23,62.76896286010742,55.73131561279297,-70.37647247314453
2013-07-26,2013-07-26,2013-08-26,61.74323272705078,55.81679916381836,-59.26433563232422
2013-07-29,2013-07-29,2013-10-11,61.60078048706055,57.061790466308594,-45.38990020751953
2013-07-30,2013-07-30,2013-10-14,60.14765548706055,57.40780639648438,-27.398490905761648
2013-07-31,2013-07-31,2013-10-15,57.61181259155274,57.061790466308594,-5.500221252441477
2013-08-01,2013-08-01,2013-10-17,58.60905838012695,56.28329086303711,-23.257675170898438
2013-08-02,2013-08-02,2013-10-18,52.05579376220703,57.37895584106445,53.23162078857422
2013-09-16,2013-09-16,2013-10-21,59.13781356811523,57.37895584106445,-17.58857727050774
2013-09-17,2013-09-17,2013-10-22,58.56114959716797,58.79181671142578,2.306671142578125
2013-09-18,2013-09-18,2013-10-23,57.89797973632813,58.01330947875977,1.1532974243164062
2013-09-19,2013-09-19,2013-11-13,57.89797973632813,55.36060333251953,-25.37376403808601
2013-09-20,2013-09-20,2013-11-14,58.58998489379883,55.36060333251953,-32.29381561279297
2013-09-23,2013-09-23,2013-11-18,57.23478698730469,55.56244659423828,-16.723403930664062
2013-09-24,2013-09-24,2013-11-19,57.17713165283203,54.8127555847168,-23.643760681152344
2013-09-25,2013-09-25,2013-11-20,57.95563507080078,54.06309509277344,-38.92539978027344
2013-09-26,2013-09-26,2013-11-21,57.26362991333008,53.86125946044922,-34.023704528808594
2013-09-27,2013-09-27,2013-11-22,57.061790466308594,54.14961242675781,-29.121780395507812
2013-09-30,2013-09-30,2013-11-25,56.54279327392578,54.29376983642578,-22.490234375
2013-10-01,2013-10-01,2013-11-26,57.09063339233398,54.35143280029297,-27.392005920410085
2013-10-03,2013-10-03,2013-11-27,57.60964584350586,53.140419006347656,-44.69226837158203
2013-10-04,2013-10-04,2013-11-28,56.48512268066406,54.61092758178711,-18.74195098876953
2013-10-07,2013-10-07,2013-11-29,56.54279327392578,54.84161376953125,-17.011795043945312
2013-10-28,2013-10-28,2013-12-02,56.94645690917969,53.97660446166992,-29.698524475097656
2013-10-29,2013-10-29,2013-12-03,57.89797973632813,54.06309509277344,-38.348846435546946
2013-10-30,2013-10-30,2013-12-04,57.75380325317383,55.12994766235352,-26.238555908203054
2013-10-31,2013-10-31,2013-12-05,58.41698455810547,55.53362274169922,-28.8336181640625
2013-11-01,2013-11-01,2014-01-16,56.456298828125,56.658119201660156,2.0182037353515625
2013-11-05,2013-11-05,2014-01-17,54.87044143676758,56.081443786621094,12.110023498535156
2013-11-06,2013-11-06,2014-01-20,55.50477981567383,56.80228805541992,12.975082397460938
2013-11-07,2013-11-07,2014-01-21,54.8127555847168,56.42745590209961,16.147003173828125
2013-11-08,2013-11-08,2014-01-22,55.38944625854492,56.57162094116211,11.821746826171875
2013-11-11,2013-11-11,2014-01-23,55.33178329467773,56.54279327392578,12.11009979248054
2013-12-12,2013-12-12,2014-01-24,56.48512268066406,56.57162094116211,0.8649826049804688
2013-12-13,2013-12-13,2014-01-27,56.22560501098633,55.67778778076172,-5.478172302246094
2013-12-16,2013-12-16,2014-01-28,57.09063339233398,55.70662307739258,-13.840103149413991
2013-12-17,2013-12-17,2014-01-29,56.91762161254883,55.18760299682617,-17.300186157226562
2013-12-18,2013-12-18,2014-01-30,57.66728591918945,55.12994766235352,-25.373382568359304
2013-12-19,2013-12-19,2014-01-31,57.23478698730469,55.07226943969727,-21.625175476074148
2013-12-20,2013-12-20,2014-02-03,57.32129669189453,54.89927673339844,-24.220199584960938
2013-12-23,2013-12-23,2014-02-04,57.49429321289063,54.98577117919922,-25.085220336914134
2013-12-24,2013-12-24,2014-02-05,56.83112716674805,55.7931022644043,-10.3802490234375
2013-12-26,2013-12-26,2014-02-06,57.09063339233398,55.4759407043457,-16.14692687988274
2013-12-27,2013-12-27,2014-02-07,57.551963806152344,56.22560501098633,-13.263587951660156
2013-12-30,2013-12-30,2014-02-10,57.09063339233398,55.937278747558594,-11.533546447753835
2013-12-31,2013-12-31,2014-02-11,57.60964584350586,55.12994766235352,-24.796981811523366
2014-01-06,2014-01-06,2014-02-12,57.60964584350586,55.18760299682617,-24.220428466796875
2014-01-07,2014-01-07,2014-02-13,56.97529602050781,54.78393936157226,-21.91356658935554
2014-01-08,2014-01-08,2014-02-14,56.94645690917969,54.92809677124024,-20.18360137939446
2014-01-09,2014-01-09,2014-02-17,57.0041389465332,55.101112365722656,-19.03026580810547
2014-01-10,2014-01-10,2014-02-18,56.19678497314453,55.21643447875977,-9.803504943847585
2014-01-13,2014-01-13,2014-02-19,56.51396179199219,54.72626495361328,-17.876968383789062
2014-03-14,2014-03-14,2014-04-28,57.486732482910156,62.01669311523438,45.29960632324226
2014-03-18,2014-03-18,2014-04-29,59.29872512817383,61.72444152832031,24.257164001464844
2014-03-19,2014-03-19,2014-04-30,59.79555892944336,61.84134292602539,20.457839965820312
2014-03-20,2014-03-20,2014-05-02,58.04201889038086,61.1107063293457,30.686874389648438
2014-03-21,2014-03-21,2014-05-05,58.94800186157226,61.43218994140625,24.841880798339915
2014-03-24,2014-03-24,2014-05-06,60.32161712646485,59.91244125366211,-4.091758728027415
2014-03-25,2014-03-25,2014-05-13,61.72444152832031,65.96215057373047,42.37709045410156
2014-03-26,2014-03-26,2014-07-22,60.789222717285156,79.34745025634766,185.582275390625
2014-03-27,2014-03-27,2014-07-23,61.66598510742188,79.66895294189453,180.0296783447265
2014-03-28,2014-03-28,2014-07-24,62.8057861328125,78.70452117919922,158.9873504638672
2014-03-31,2014-03-31,2014-07-25,61.37372589111328,78.79219055175781,174.1846466064453
2014-04-01,2014-04-01,2014-07-28,63.12727355957031,77.85694885253906,147.2967529296875
2014-04-02,2014-04-02,2014-08-06,63.36108016967773,78.3537826538086,149.92702484130865
2014-04-03,2014-04-03,2014-08-07,63.53643417358398,78.61683654785156,150.80402374267584
2014-04-04,2014-04-04,2014-08-08,62.3089485168457,77.09709167480469,147.88143157958984
2014-04-07,2014-04-07,2014-08-11,62.48430252075195,77.1263198852539,146.42017364501953
2014-04-09,2014-04-09,2014-08-12,62.39664077758789,77.30168914794922,149.05048370361328
2014-04-10,2014-04-10,2014-08-13,63.01037216186523,77.3309097290039,143.20537567138678
2014-04-11,2014-04-11,2014-08-14,62.92267990112305,77.85694885253906,149.34268951416016
2014-04-15,2014-04-15,2014-08-18,63.03959274291992,78.79219055175781,157.5259780883789
2014-04-16,2014-04-16,2014-08-19,62.951904296875,79.81507110595703,168.6316680908203
2014-04-17,2014-04-17,2014-08-20,62.65965270996094,80.13656616210938,174.76913452148438
2014-04-21,2014-04-21,2014-08-21,61.92902374267578,79.75662994384766,178.27606201171875
2014-04-22,2014-04-22,2014-08-22,61.92902374267578,78.4122543334961,164.83230590820312
2014-04-23,2014-04-23,2014-09-04,61.72444152832031,79.19374084472656,174.6929931640625
2014-05-19,2014-05-19,2014-09-05,71.45655059814453,79.37086486816406,79.14314270019531
2014-05-20,2014-05-20,2014-09-08,73.00552368164062,78.57389831542969,55.683746337890625
2014-05-21,2014-05-21,2014-09-09,72.74250030517578,79.13468933105469,63.92189025878906
2014-05-22,2014-05-22,2014-09-10,73.29777526855469,80.37442779541016,70.76652526855469
2014-05-23,2014-05-23,2014-09-11,76.48336791992188,81.37799072265625,48.94622802734375
2014-05-26,2014-05-26,2014-12-01,74.90519714355469,81.67315673828125,67.67959594726562
2014-05-27,2014-05-27,2014-12-02,74.17453002929688,81.49605560302734,73.21525573730469
2014-05-28,2014-05-28,2014-12-03,72.9762954711914,80.99427795410156,80.17982482910156
2014-05-29,2014-05-29,2014-12-04,73.09319305419922,80.58102416992188,74.87831115722656
2014-05-30,2014-05-30,2014-12-05,71.31043243408203,80.72863006591797,94.18197631835938
2014-06-02,2014-06-02,2014-12-08,73.18087005615234,80.19732666015625,70.16456604003906
2014-06-03,2014-06-03,2014-12-09,73.2100830078125,79.66602325439453,64.55940246582031
2014-06-04,2014-06-04,2014-12-10,72.62557983398438,81.02378845214844,83.98208618164062
2014-06-05,2014-06-05,2014-12-11,74.17453002929688,80.25634765625,60.81817626953125
2014-06-16,2014-06-16,2014-12-12,77.03864288330078,79.57747650146484,25.388336181640625
2014-06-17,2014-06-17,2014-12-15,78.03231048583984,79.37086486816406,13.385543823242188
2014-06-18,2014-06-18,2014-12-16,78.29534912109375,78.54438018798828,2.4903106689453125
2014-06-19,2014-06-19,2014-12-17,76.68795013427734,77.33419036865234,6.46240234375
2014-06-20,2014-06-20,2014-12-18,77.3309097290039,77.6883773803711,3.574676513671875
2014-06-23,2014-06-23,2014-12-19,76.80484008789062,80.16780090332031,33.629608154296875
2014-07-07,2014-07-07,2014-12-22,85.3679428100586,80.78766632080078,-45.802764892578125
2014-07-15,2014-07-15,2014-12-23,78.99675750732422,82.08639526367188,30.896377563476562
2014-08-27,2014-08-27,2014-12-24,75.69427490234375,80.46297454833984,47.68699645996094
2014-08-28,2014-08-28,2014-12-26,75.5189208984375,80.93523406982422,54.16313171386719
2014-09-23,2014-09-23,2014-12-29,80.58102416992188,80.8761978149414,2.9517364501953125
2014-09-24,2014-09-24,2014-12-30,80.19732666015625,81.25993347167969,10.626068115234375
2014-09-25,2014-09-25,2015-01-01,80.2858657836914,80.93523406982422,6.493682861328125
2014-09-26,2014-09-26,2015-01-02,80.8761978149414,81.9093017578125,10.331039428710938
2014-09-29,2014-09-29,2015-03-20,82.38156127929688,87.8788070678711,54.97245788574219
2014-09-30,2014-09-30,2015-03-23,79.8431167602539,88.4717788696289,86.28662109375
2014-10-01,2014-10-01,2015-03-24,80.25634765625,87.73056030273438,74.74212646484375
2014-10-07,2014-10-07,2015-03-25,81.02378845214844,86.8707504272461,58.46961975097656
2014-10-08,2014-10-08,2015-03-26,81.40750122070312,86.04059600830078,46.33094787597656
2014-10-09,2014-10-09,2015-03-27,81.49605560302734,85.83305358886719,43.36997985839844
2014-10-10,2014-10-10,2015-03-30,80.31539154052734,85.9813003540039,56.659088134765625
2014-10-15,2014-10-15,2015-03-31,80.31539154052734,86.1295394897461,58.1414794921875
2014-10-16,2014-10-16,2015-04-01,79.07568359375,86.84110260009766,77.65419006347656
2014-10-17,2014-10-17,2015-04-06,79.16422271728516,87.73056030273438,85.66337585449219
2014-10-31,2014-10-31,2015-04-07,86.0711669921875,87.73056030273438,16.59393310546875
2014-11-03,2014-11-03,2015-04-08,85.51036834716797,87.34513092041016,18.347625732421875
2014-11-05,2014-11-05,2015-04-09,84.09354400634766,89.53913116455078,54.45587158203125
2014-11-07,2014-11-07,2015-04-10,85.53988647460938,90.54720306396484,50.07316589355469
2014-11-10,2014-11-10,2015-04-13,87.428955078125,91.52560424804688,40.96649169921875
2014-11-11,2014-11-11,2015-04-15,87.16329193115234,89.86527252197266,27.019805908203125
2014-11-12,2014-11-12,2015-04-29,84.38871002197266,84.82498931884766,4.36279296875
2014-11-13,2014-11-13,2015-04-30,85.39228820800781,84.3209457397461,-10.713424682617188
2014-11-14,2014-11-14,2015-05-04,85.0676040649414,85.4772720336914,4.0966796875
2014-11-17,2014-11-17,2015-05-05,86.63199615478516,84.8843002319336,-17.476959228515625
2014-11-18,2014-11-18,2015-05-06,87.57652282714844,83.3721923828125,-42.043304443359375
2014-11-19,2014-11-19,2015-05-07,86.57295989990234,83.1943130493164,-33.786468505859375
2014-11-20,2014-11-20,2015-05-08,86.27778625488281,83.01640319824219,-32.61383056640625
2014-11-21,2014-11-21,2015-05-11,86.51393127441406,84.79534912109375,-17.185821533203125
2014-11-24,2014-11-24,2015-05-12,84.09354400634766,82.6013412475586,-14.922027587890625
2014-11-25,2014-11-25,2015-05-13,82.11591339111328,83.52044677734375,14.045333862304688
2015-01-08,2015-01-08,2015-05-14,81.67315673828125,82.66062927246094,9.874725341796875
2015-01-09,2015-01-09,2015-05-15,81.73219299316406,83.04607391357422,13.138809204101562
2015-01-12,2015-01-12,2015-05-18,80.58102416992188,83.04607391357422,24.650497436523438
2015-01-13,2015-01-13,2015-05-19,80.19732666015625,82.27520751953125,20.77880859375
2015-01-14,2015-01-14,2015-05-20,80.31539154052734,83.4908218383789,31.754302978515625
2015-01-15,2015-01-15,2015-05-21,84.38871002197266,82.71991729736328,-16.68792724609375
2015-01-16,2015-01-16,2015-05-22,86.9862060546875,83.57975006103516,-34.06455993652344
2015-01-19,2015-01-19,2015-05-25,87.28136444091797,84.85464477539062,-24.267196655273438
2015-01-20,2015-01-20,2015-05-26,87.0157241821289,84.82498931884766,-21.9073486328125
2015-01-21,2015-01-21,2015-05-27,86.72054290771484,84.91393280029297,-18.06610107421875
2015-01-22,2015-01-22,2015-05-28,87.57652282714844,84.91393280029297,-26.625900268554688
2015-01-23,2015-01-23,2015-05-29,88.28495788574219,85.21041870117188,-30.745391845703125
2015-01-27,2015-01-27,2015-06-26,88.52108001708984,82.48273468017578,-60.383453369140625
2015-01-28,2015-01-28,2015-06-29,88.22590637207031,82.71991729736328,-55.05989074707031
2015-01-29,2015-01-29,2015-06-30,87.84217834472656,82.48273468017578,-53.59443664550781
2015-01-30,2015-01-30,2015-07-01,87.36991882324219,84.409912109375,-29.600067138671875
2015-02-02,2015-02-02,2015-07-02,87.28136444091797,83.90586853027344,-33.75495910644531
2015-02-03,2015-02-03,2015-07-03,86.89765930175781,83.90586853027344,-29.91790771484375
2015-02-04,2015-02-04,2015-07-06,86.33683013916016,83.01640319824219,-33.20426940917969
2015-02-05,2015-02-05,2015-07-07,84.80195617675781,82.18626403808594,-26.15692138671875
2015-02-06,2015-02-06,2015-07-08,84.68388366699219,81.8304672241211,-28.534164428710938
2015-02-20,2015-02-20,2015-07-09,90.46918487548828,81.23748779296875,-92.31697082519531
2015-02-23,2015-02-23,2015-07-10,92.0335922241211,82.21590423583984,-98.1768798828125
2015-02-24,2015-02-24,2015-07-13,92.53538513183594,83.01640319824219,-95.1898193359375
2015-02-25,2015-02-25,2015-07-14,91.2366180419922,83.135009765625,-81.01608276367202
2015-02-26,2015-02-26,2015-07-15,90.17401885986328,82.86817932128906,-73.05839538574219
2015-02-27,2015-02-27,2015-07-16,92.74199676513672,82.77922821044922,-99.627685546875
2015-03-02,2015-03-02,2015-07-17,92.505859375,83.72797393798828,-87.77885437011719
2015-03-03,2015-03-03,2015-07-20,91.82696533203124,83.135009765625,-86.91955566406236
2015-03-04,2015-03-04,2015-07-21,91.17758178710938,83.01640319824219,-81.61178588867188
2015-03-05,2015-03-05,2015-07-22,91.5908203125,84.67675018310547,-69.14070129394531
2015-06-09,2015-06-09,2015-07-23,87.37479400634766,84.3506088256836,-30.241851806640625
2015-06-10,2015-06-10,2015-07-24,87.25617980957031,84.23200988769531,-30.24169921875
2015-06-11,2015-06-11,2015-08-17,86.57427215576172,81.88976287841797,-46.8450927734375
2015-06-12,2015-06-12,2015-08-18,86.21847534179688,81.47468566894531,-47.437896728515625
2015-06-15,2015-06-15,2015-08-19,83.72797393798828,80.9113540649414,-28.16619873046875
2015-06-16,2015-06-16,2015-08-20,85.44761657714844,80.70381927490234,-47.43797302246094
2015-06-17,2015-06-17,2015-08-21,84.08377075195312,79.10279083251953,-49.80979919433594
2015-06-22,2015-06-22,2015-08-24,83.78729248046875,77.73894500732422,-60.48347473144531
2015-06-23,2015-06-23,2015-08-25,82.66062927246094,76.25650787353516,-64.04121398925781
2015-07-29,2015-07-29,2015-08-26,83.01640319824219,77.65000915527344,-53.6639404296875
2015-07-30,2015-07-30,2015-08-27,84.4395523071289,79.96260070800781,-44.76951599121094
2015-07-31,2015-07-31,2015-08-28,84.20235443115234,80.1404800415039,-40.618743896484375
2015-08-03,2015-08-03,2015-08-31,83.3721923828125,77.47210693359375,-59.0008544921875
2015-08-04,2015-08-04,2015-09-01,83.6093978881836,76.5530014038086,-70.56396484375
2015-08-05,2015-08-05,2015-09-02,83.4611587524414,74.24038696289062,-92.20771789550781
2015-08-06,2015-08-06,2015-09-03,83.63904571533203,75.42633819580078,-82.1270751953125
2015-08-07,2015-08-07,2015-09-04,82.77922821044922,73.29163360595703,-94.87594604492188
2015-08-10,2015-08-10,2015-09-07,81.86011505126953,73.2976303100586,-85.62484741210938
2015-08-11,2015-08-11,2015-09-08,81.8008041381836,75.54509735107422,-62.55706787109375
2015-09-28,2015-09-28,2015-11-05,75.9946060180664,78.4818115234375,24.872055053710938
2015-09-29,2015-09-29,2015-11-06,76.9235610961914,78.69158172607422,17.680206298828125
2015-09-30,2015-09-30,2015-11-09,79.32086181640625,77.94242095947266,-13.784408569335938
2015-10-01,2015-10-01,2015-11-10,78.24208068847656,76.89358520507812,-13.484954833984375
2015-10-20,2015-10-20,2015-11-13,81.44847106933594,78.03231048583984,-34.16160583496094
2015-10-21,2015-10-21,2015-11-16,81.44847106933594,77.31311798095703,-41.35353088378906
2015-10-23,2015-10-23,2015-11-17,81.71817016601562,78.3619384765625,-33.56231689453125
2015-10-26,2015-10-26,2015-11-18,81.35855865478516,78.45184326171875,-29.067153930664062
2015-10-27,2015-10-27,2015-11-19,80.24982452392578,79.02118682861328,-12.286376953125
2015-10-28,2015-10-28,2015-11-20,78.54173278808594,78.45184326171875,-0.898895263671875
2015-10-29,2015-10-29,2015-11-23,76.80370330810547,78.75150299072266,19.477996826171875
2015-10-30,2015-10-30,2015-11-24,77.16326904296875,79.02118682861328,18.579177856445312
2015-11-02,2015-11-02,2015-11-26,77.28316497802734,80.18988800048828,29.067230224609375
2015-12-02,2015-12-02,2015-12-15,81.14881134033203,77.61279296875,-35.36018371582031
2015-12-03,2015-12-03,2015-12-16,80.18988800048828,79.92019653320312,-2.6969146728515625
2015-12-04,2015-12-04,2015-12-17,78.3619384765625,80.63937377929688,22.77435302734375
2015-12-07,2015-12-07,2015-12-18,78.60167694091797,81.14881134033203,25.471343994140625
2015-12-24,2015-12-24,2016-01-28,83.96564483642578,86.12322235107422,21.575775146484375
2015-12-28,2015-12-28,2016-01-29,85.19425964355469,88.61041259765625,34.161529541015625
2015-12-29,2015-12-29,2016-02-01,84.47508239746094,87.95116424560547,34.76081848144531
2015-12-30,2015-12-30,2016-02-02,84.50504302978516,87.6515121459961,31.464691162109375
2015-12-31,2015-12-31,2016-02-23,84.59493255615234,82.61959838867188,-19.753341674804688
2016-01-01,2016-01-01,2016-02-24,84.50504302978516,84.1864242553711,-3.186187744140625
2016-01-04,2016-01-04,2016-02-29,84.47508239746094,78.3711166381836,-61.03965759277344
2016-01-05,2016-01-05,2016-03-01,83.39628601074219,80.6008071899414,-27.954788208007812
2016-01-06,2016-01-06,2016-03-02,83.60603332519531,81.59513854980469,-20.10894775390625
2016-01-07,2016-01-07,2016-03-03,82.7669906616211,81.74580383300781,-10.211868286132812
2016-01-08,2016-01-08,2016-03-04,84.89459991455078,83.55366516113281,-13.409347534179688
2016-01-11,2016-01-11,2016-03-08,85.85352325439453,82.98118591308594,-28.723373413085938
2016-01-12,2016-01-12,2016-03-09,85.55384826660156,84.21656036376953,-13.372879028320312
2016-01-13,2016-01-13,2016-03-10,85.64373779296875,84.15629577636719,-14.874420166015625
2016-01-14,2016-01-14,2016-03-11,85.6137924194336,83.28247833251953,-23.313140869140625
2016-01-15,2016-01-15,2016-05-10,83.3663101196289,85.4820556640625,21.157455444335938
2016-01-18,2016-01-18,2016-05-11,82.79694366455078,85.24100494384766,24.44061279296875
2016-01-19,2016-01-19,2016-09-06,81.47843170166016,112.44940948486328,309.70977783203125
2016-01-20,2016-01-20,2016-09-07,80.6993179321289,111.33458709716795,306.3526916503905
2016-01-21,2016-01-21,2016-09-08,79.2309799194336,113.25456237792969,340.23582458496094
2016-02-15,2016-02-15,2016-09-26,83.58380126953125,106.75335693359376,231.69555664062514
2016-02-16,2016-02-16,2016-09-27,83.94538116455078,107.05716705322266,231.11785888671875
2016-02-17,2016-02-17,2016-09-28,84.12616729736328,108.42423248291016,242.98065185546875
2016-02-18,2016-02-18,2016-09-29,84.27680969238281,105.3559112548828,210.79101562499986
2016-03-21,2016-03-21,2016-09-30,83.16195678710938,107.26981353759766,241.0785675048828
2016-03-22,2016-03-22,2016-10-03,83.28247833251953,110.09510803222656,268.1262969970703
2016-03-23,2016-03-23,2016-10-04,82.83051300048828,109.9735870361328,271.4307403564452
2016-03-28,2016-03-28,2016-10-05,83.82483673095703,110.21662902832031,263.9179229736328
2016-03-31,2016-03-31,2016-10-06,83.82483673095703,108.09004974365234,242.65213012695312
2016-04-01,2016-04-01,2016-10-20,83.34274291992188,108.54573059082031,252.02987670898438
2016-04-04,2016-04-04,2016-10-21,83.5235366821289,107.51286315917969,239.8932647705078
2016-04-05,2016-04-05,2016-10-24,83.79471588134766,106.99639892578124,232.0168304443358
2016-04-06,2016-04-06,2016-10-25,84.1864242553711,108.36348724365234,241.7706298828125
2016-04-07,2016-04-07,2016-10-27,84.48773193359375,106.63184356689452,221.44111633300767
2016-04-08,2016-04-08,2016-10-28,84.9095687866211,106.87488555908205,219.65316772460952
2016-04-11,2016-04-11,2016-11-01,85.72310638427734,107.48247528076172,217.59368896484375
2016-04-12,2016-04-12,2016-11-02,86.2654800415039,106.38880157470705,201.2332153320314
2016-04-13,2016-04-13,2016-11-03,87.38032531738281,106.29767608642578,189.1735076904297
2016-04-18,2016-04-18,2016-11-04,87.95280456542969,105.4470443725586,174.94239807128906
2016-04-20,2016-04-20,2016-11-07,89.18818664550781,105.72046661376952,165.32279968261705
2016-04-21,2016-04-21,2016-11-08,88.07333374023438,107.54324340820312,194.6990966796875
2016-04-22,2016-04-22,2016-11-09,88.01306915283203,109.48751831054688,214.74449157714844
2016-04-25,2016-04-25,2016-11-10,86.65717315673828,114.5001220703125,278.4294891357422
2016-04-26,2016-04-26,2016-11-11,87.4707260131836,111.24951934814452,237.78793334960923
2016-04-27,2016-04-27,2016-12-15,86.98861694335938,111.4014129638672,244.12796020507827
2016-04-28,2016-04-28,2016-12-16,85.4820556640625,111.67484283447266,261.92787170410156
2016-04-29,2016-04-29,2016-12-19,86.4161148071289,111.85709381103516,254.4097900390625
2016-05-02,2016-05-02,2016-12-20,86.08468627929688,110.55078887939452,244.66102600097642
2016-05-03,2016-05-03,2016-12-21,87.5008544921875,111.34065246582031,238.39797973632812
2016-05-04,2016-05-04,2016-12-22,86.0244140625,110.4292984008789,244.04884338378906
2016-05-27,2016-05-27,2016-12-23,90.9056625366211,110.76346588134766,198.57803344726562
2016-05-30,2016-05-30,2016-12-26,91.44802856445312,108.63690185546876,171.8887329101564
2016-05-31,2016-05-31,2016-12-27,90.39344024658205,110.00395965576172,196.10519409179673
2016-06-01,2016-06-01,2016-12-28,89.73055267333984,109.3659896850586,196.3543701171875
2016-06-02,2016-06-02,2016-12-29,90.51394653320312,109.39637756347656,188.82431030273438
2016-06-03,2016-06-03,2016-12-30,90.63448333740234,111.4925537109375,208.58070373535156
2016-06-06,2016-06-06,2017-01-02,89.94147491455078,111.58370971679688,216.42234802246094
2016-06-07,2016-06-07,2017-01-03,90.33316802978516,114.25708770751952,239.2391967773436
2016-06-13,2016-06-13,2017-01-04,91.47815704345705,113.46720886230469,219.89051818847642
2016-06-14,2016-06-14,2017-01-05,90.72488403320312,115.95834350585938,252.3345947265625
2016-06-15,2016-06-15,2017-01-06,93.04498291015624,114.71277618408205,216.6779327392581
2016-06-16,2016-06-16,2017-02-21,93.16548919677734,125.8792953491211,327.1380615234375
2016-06-17,2016-06-17,2017-02-22,94.64192962646484,123.10098266601562,284.5905303955078
2016-06-20,2016-06-20,2017-03-02,94.40088653564452,115.86512756347656,214.64241027832045
2016-06-21,2016-06-21,2017-03-03,94.00917053222656,116.53683471679688,225.27664184570312
2016-06-22,2016-06-22,2017-03-06,93.76811981201172,118.3686981201172,246.00578308105483
2016-06-23,2016-06-23,2017-03-07,94.40088653564452,118.79610443115234,243.95217895507827
2016-06-24,2016-06-24,2017-03-08,93.88865661621094,119.43726348876952,255.4860687255858
2016-06-27,2016-06-27,2017-03-09,92.8039321899414,118.7350616455078,259.31129455566395
2016-06-28,2016-06-28,2017-03-10,93.677734375,117.57489013671876,238.97155761718764
2016-06-29,2016-06-29,2017-03-14,95.96769714355469,118.24655151367188,222.78854370117188
2016-06-30,2016-06-30,2017-03-15,98.28778839111328,117.8191375732422,195.3134918212892
2016-07-01,2016-07-01,2017-03-16,99.52317810058594,119.13197326660156,196.08795166015625
2016-07-04,2016-07-04,2017-03-17,99.67383575439452,118.46027374267578,187.86437988281264
2016-07-05,2016-07-05,2017-03-20,97.17294311523438,118.21603393554688,210.430908203125
2016-07-07,2016-07-07,2017-03-21,98.4384536743164,118.00232696533205,195.6387329101564
2016-07-08,2016-07-08,2017-03-22,99.1013412475586,117.3000946044922,181.98753356933608
2016-07-11,2016-07-11,2017-03-23,100.39698028564452,117.88018798828124,174.8320770263672
2016-07-12,2016-07-12,2017-03-24,100.39698028564452,118.30760955810548,179.10629272460966
2016-07-13,2016-07-13,2017-03-27,97.53451538085938,118.97930145263672,214.44786071777344
2016-07-14,2016-07-14,2017-03-28,99.46290588378906,120.10895538330078,206.4604949951172
2016-07-15,2016-07-15,2017-03-29,98.9808120727539,120.2005386352539,212.197265625
2016-07-18,2016-07-18,2017-03-30,98.34806823730469,119.3456802368164,209.9761199951172
2016-07-19,2016-07-19,2017-03-31,100.27644348144531,120.47531127929688,201.98867797851562
2016-07-20,2016-07-20,2017-04-03,101.45156860351562,119.80363464355469,183.52066040039062
2016-07-21,2016-07-21,2017-04-05,97.92621612548828,119.07087707519531,211.4466094970703
2016-07-29,2016-07-29,2017-05-22,106.06163024902344,123.65055084228516,175.8892059326172
2016-08-01,2016-08-01,2017-05-23,106.78478240966795,122.97886657714844,161.94084167480483
2016-08-02,2016-08-02,2017-05-24,107.8092269897461,122.06293487548828,142.53707885742188
2016-08-03,2016-08-03,2017-05-25,106.00137329101562,121.48284149169922,154.81468200683594
2016-08-04,2016-08-04,2017-05-26,107.3874282836914,123.46734619140624,160.7991790771483
2016-08-05,2016-08-05,2017-05-29,106.3629379272461,127.68064880371094,213.17710876464844
2016-08-08,2016-08-08,2017-05-30,107.56819152832031,124.62755584716795,170.59364318847642
2016-08-09,2016-08-09,2017-05-31,106.12189483642578,126.97842407226562,208.56529235839844
2016-11-18,2016-11-18,2017-06-01,116.62669372558594,126.79523468017578,101.68540954589844
2016-11-21,2016-11-21,2017-06-02,112.43431854248048,125.84878540039062,134.14466857910142
2016-11-22,2016-11-22,2017-06-05,111.64447021484376,125.36029815673828,137.15827941894517
2016-11-23,2016-11-23,2017-06-06,110.3685302734375,124.23063659667969,138.62106323242188
2016-11-24,2016-11-24,2017-06-07,112.43431854248048,125.20760345458984,127.73284912109361
2016-11-25,2016-11-25,2017-07-03,114.62163543701172,129.1156005859375,144.9396514892578
2016-11-28,2016-11-28,2017-07-04,115.74567413330078,128.65765380859378,129.11979675292997
2016-11-29,2016-11-29,2017-07-05,115.1077117919922,128.26071166992188,131.52999877929673
2016-11-30,2016-11-30,2017-08-30,116.5963134765625,131.649658203125,150.533447265625
2016-12-01,2016-12-01,2017-08-31,111.97863006591795,133.87841796875,218.99787902832045
2016-12-02,2016-12-02,2017-09-01,111.67484283447266,132.19921875,205.24375915527344
2016-12-05,2016-12-05,2017-09-05,112.4646987915039,132.01605224609378,195.51353454589872
2016-12-06,2016-12-06,2017-09-06,111.12799835205078,130.85585021972656,197.2785186767578
2016-12-07,2016-12-07,2017-09-07,110.8545913696289,131.83282470703122,209.78233337402315
2016-12-08,2016-12-08,2017-09-08,112.7988739013672,130.12312316894528,173.24249267578082
2016-12-09,2016-12-09,2017-09-11,112.06979370117188,133.7523193359375,216.82525634765625
2017-01-13,2017-01-13,2017-09-12,119.7861328125,133.566162109375,137.80029296875
2017-01-16,2017-01-16,2017-09-13,121.1532211303711,132.6046142578125,114.51393127441406
2017-01-17,2017-01-17,2017-09-14,120.15069580078124,132.72868347167972,125.7798767089848
2017-01-18,2017-01-18,2017-09-15,120.57601165771484,131.82914733886722,112.53135681152372
2017-01-19,2017-01-19,2017-09-18,122.61144256591795,133.59719848632812,109.8575592041017
2017-01-20,2017-01-20,2017-09-19,121.1532211303711,133.90736389160156,127.54142761230469
2017-01-23,2017-01-23,2017-09-20,121.6392822265625,132.0772705078125,104.3798828125
2017-01-24,2017-01-24,2017-09-21,123.55318450927734,131.23979187011722,76.86607360839872
2017-01-25,2017-01-25,2017-09-29,123.4013214111328,130.89857482910156,74.97253417968764
2017-01-27,2017-01-27,2017-10-03,124.28229522705078,127.8897705078125,36.07475280761719
2017-01-30,2017-01-30,2017-10-04,124.98102569580078,129.68885803222656,47.07832336425781
2017-01-31,2017-01-31,2017-10-05,125.89241790771484,127.14531707763672,12.52899169921875
2017-02-01,2017-02-01,2017-10-06,125.04178619384766,127.02125549316406,19.794692993164062
2017-02-02,2017-02-02,2017-10-09,123.91776275634766,124.66382598876952,7.460632324218608
2017-02-03,2017-02-03,2017-10-10,122.5506591796875,127.02125549316406,44.705963134765625
2017-02-06,2017-02-06,2017-10-11,122.18611907958984,125.84253692626952,36.56417846679673
2017-02-07,2017-02-07,2017-10-12,121.45701599121094,125.50133514404295,40.44319152832017
2017-02-08,2017-02-08,2017-10-13,122.18611907958984,127.57958221435548,53.93463134765639
2017-02-09,2017-02-09,2017-10-16,122.82408905029295,127.6416244506836,48.17535400390639
2017-04-17,2017-04-17,2017-10-17,123.52841186523438,127.11429595947266,35.85884094238281
2017-04-18,2017-04-18,2017-10-18,123.55894470214844,132.48052978515622,89.21585083007784
2017-04-19,2017-04-19,2017-10-19,128.96295166015622,130.68144226074222,17.184906005859943
2017-04-20,2017-04-20,2017-10-23,127.55852508544922,132.48052978515622,49.22004699707003
2017-04-21,2017-04-21,2017-10-24,125.54346466064452,133.41110229492188,78.67637634277358
2017-04-24,2017-04-24,2017-11-15,125.08551025390624,128.41708374023438,33.31573486328139
2017-04-25,2017-04-25,2017-11-16,127.37535858154295,129.22358703613278,18.482284545898295
2017-04-26,2017-04-26,2017-11-17,125.60452270507812,129.40969848632812,38.0517578125
2017-04-27,2017-04-27,2017-11-20,126.85628509521484,129.53375244140622,26.77467346191378
2017-04-28,2017-04-28,2017-11-21,127.00897979736328,128.1689453125,11.599655151367188
2017-05-02,2017-05-02,2017-11-22,125.7877197265625,128.44810485839844,26.603851318359375
2017-05-03,2017-05-03,2017-11-23,128.87132263183594,129.68885803222656,8.17535400390625
2017-05-04,2017-05-04,2017-11-24,128.62710571289062,131.02265930175778,23.95553588867159
2017-05-05,2017-05-05,2017-11-27,127.61959075927734,130.37126159667972,27.51670837402372
2017-05-08,2017-05-08,2017-11-28,128.23019409179688,129.25459289550778,10.24398803710909
2017-05-09,2017-05-09,2017-11-29,127.22266387939452,129.50274658203122,22.800827026367045
2017-05-10,2017-05-10,2017-11-30,128.5355224609375,127.82774353027344,-7.077789306640625
2017-05-11,2017-05-11,2017-12-01,127.13107299804688,125.90457916259766,-12.264938354492188
2017-05-12,2017-05-12,2017-12-05,125.94036102294922,124.26058959960938,-16.797714233398438
2017-05-15,2017-05-15,2017-12-06,126.2151336669922,124.22956085205078,-19.855728149414205
2017-06-15,2017-06-15,2017-12-07,128.44390869140622,125.50133514404295,-29.42573547363267
2017-06-16,2017-06-16,2017-12-08,128.19966125488278,125.99764251708984,-22.020187377929403
2017-06-19,2017-06-19,2017-12-11,129.69566345214844,126.7420654296875,-29.535980224609375
2017-06-20,2017-06-20,2017-12-12,127.19214630126952,125.87355041503906,-13.185958862304545
2017-06-21,2017-06-21,2017-12-13,125.60452270507812,124.38465881347656,-12.198638916015625
2017-06-22,2017-06-22,2017-12-14,123.52841186523438,124.13654327392578,6.0813140869140625
2017-06-23,2017-06-23,2017-12-15,125.7877197265625,123.36105346679688,-24.26666259765625
2017-06-27,2017-06-27,2017-12-18,125.63507080078124,124.012451171875,-16.226196289062358
2017-07-14,2017-07-14,2017-12-19,131.40544128417972,125.6874771118164,-57.1796417236331
2017-07-17,2017-07-17,2017-12-20,132.32135009765622,125.90457916259766,-64.16770935058565
2017-07-18,2017-07-18,2017-12-21,131.52752685546878,125.99764251708984,-55.29884338378935
2017-07-19,2017-07-19,2017-12-22,133.51205444335938,125.96661376953124,-75.45440673828139
2017-07-20,2017-07-20,2017-12-26,133.54258728027344,125.59439086914062,-79.48196411132812
2017-07-21,2017-07-21,2017-12-27,131.46646118164062,124.81892395019531,-66.47537231445312
2017-07-24,2017-07-24,2017-12-28,132.35188293457028,123.54715728759766,-88.04725646972628
2017-07-25,2017-07-25,2017-12-29,132.50454711914062,124.29161834716795,-82.1292877197267
2017-07-26,2017-07-26,2018-01-01,132.68771362304688,124.19856262207031,-84.89151000976562
2017-07-27,2017-07-27,2018-01-02,132.29081726074222,124.53977966308594,-77.51037597656278
2017-07-28,2017-07-28,2018-01-03,131.06954956054688,125.09808349609376,-59.71466064453111
2017-07-31,2017-07-31,2018-01-04,136.3514404296875,124.29161834716795,-120.59822082519545
2017-08-01,2017-08-01,2018-01-05,137.02311706542972,124.84993743896484,-121.73179626464872
2017-08-02,2017-08-02,2018-01-08,135.43553161621094,124.41570281982422,-110.19828796386719
2017-08-03,2017-08-03,2018-01-12,136.13772583007812,121.81014251708984,-143.2758331298828
2017-08-04,2017-08-04,2018-01-15,137.14524841308594,123.64024353027344,-135.050048828125
2017-08-07,2017-08-07,2018-01-16,137.96957397460938,121.71705627441406,-162.52517700195312
2017-08-08,2017-08-08,2018-01-17,136.10720825195312,122.46151733398438,-136.4569091796875
2017-08-09,2017-08-09,2018-01-18,135.49656677246094,122.21336364746094,-132.83203125
2017-08-10,2017-08-10,2018-01-19,132.748779296875,121.655029296875,-110.9375
2017-08-11,2017-08-11,2018-01-22,133.66471862792972,121.15874481201172,-125.05973815917997
2017-08-14,2017-08-14,2018-01-23,136.01559448242188,121.4999542236328,-145.15640258789077
2017-08-16,2017-08-16,2018-01-24,134.76383972167972,121.56198120117188,-132.0185852050784
2017-08-17,2017-08-17,2018-01-25,134.00056457519528,120.53836059570312,-134.6220397949216
2017-10-27,2017-10-27,2018-01-29,131.36386108398438,120.44530487060548,-109.18556213378892
2017-10-30,2017-10-30,2018-01-30,131.76708984375,120.94161224365234,-108.25477600097656
2017-10-31,2017-10-31,2018-01-31,131.42588806152344,120.22817993164062,-111.97708129882812
2017-11-01,2017-11-01,2018-02-01,130.49533081054688,120.87958526611328,-96.15745544433594
2017-11-02,2017-11-02,2018-02-02,133.504150390625,119.66983795166016,-138.34312438964844
2017-11-03,2017-11-03,2018-02-05,130.30923461914062,121.90318298339844,-84.06051635742188
2017-11-06,2017-11-06,2018-02-06,130.71247863769528,120.94161224365234,-97.7086639404294
2017-11-07,2017-11-07,2018-02-07,128.8203125,121.28279113769531,-75.37521362304688
2017-11-08,2017-11-08,2018-02-08,129.1304931640625,121.3770523071289,-77.53440856933594
2017-11-09,2017-11-09,2018-02-09,129.0374755859375,121.3770523071289,-76.60423278808594
2017-11-10,2017-11-10,2018-03-20,131.11572265625,122.445068359375,-86.70654296875
2017-11-13,2017-11-13,2018-03-21,130.89857482910156,122.00528717041016,-88.93287658691406
2018-03-07,2018-03-07,2018-03-22,121.4712905883789,121.06291961669922,-4.083709716796875
2018-03-08,2018-03-08,2018-03-23,122.7591781616211,122.03668975830078,-7.224884033203125
2018-03-09,2018-03-09,2018-03-26,121.18856811523438,122.445068359375,12.56500244140625
2018-03-12,2018-03-12,2018-03-27,122.50789642333984,123.10472869873048,5.968322753906392
2018-03-13,2018-03-13,2018-03-28,122.53931427001952,121.40846252441406,-11.308517456054545
2018-03-14,2018-03-14,2018-04-02,122.09954833984376,122.445068359375,3.455200195312358
2018-03-15,2018-03-15,2018-04-03,122.38224792480469,124.73816680908205,23.55918884277358
2018-04-13,2018-04-13,2018-06-08,124.07850646972656,124.3298110961914,2.5130462646484375
2018-04-16,2018-04-16,2018-06-11,125.14652252197266,122.94768524169922,-21.988372802734375
2018-04-17,2018-04-17,2018-06-12,128.72752380371094,122.53931427001952,-61.882095336914205
2018-04-18,2018-04-18,2018-06-13,128.79032897949222,124.4868621826172,-43.03466796875014
2018-04-19,2018-04-19,2018-06-14,130.73793029785156,124.9266357421875,-58.112945556640625
2018-04-20,2018-04-20,2018-06-15,130.1724853515625,124.29839324951172,-58.74092102050781
2018-04-23,2018-04-23,2018-06-18,129.92117309570312,124.80097198486328,-51.20201110839844
2018-04-24,2018-04-24,2018-06-19,129.7012939453125,124.83240509033205,-48.688888549804545
2018-04-25,2018-04-25,2018-06-20,130.26673889160156,125.11510467529295,-51.51634216308608
2018-04-26,2018-04-26,2018-06-21,130.04682922363278,122.79060363769531,-72.56225585937472
2018-04-27,2018-04-27,2018-06-22,130.61224365234378,124.20416259765624,-64.08081054687543
2018-04-30,2018-04-30,2018-06-25,130.58084106445312,122.00528717041016,-85.75553894042969
2018-05-02,2018-05-02,2018-06-26,128.88456726074222,119.83782958984376,-90.46737670898452
2018-05-03,2018-05-03,2018-06-27,129.7012939453125,117.60758209228516,-120.93711853027344
2018-05-04,2018-05-04,2018-06-28,130.29812622070312,116.09978485107422,-141.98341369628906
2018-05-07,2018-05-07,2018-06-29,131.49179077148438,117.38768005371094,-141.04110717773438
2018-05-08,2018-05-08,2018-07-02,133.65924072265622,116.25685119628906,-174.0238952636716
2018-05-09,2018-05-09,2018-07-03,133.09382629394528,115.9427261352539,-171.51100158691378
2018-05-10,2018-05-10,2018-07-04,130.67509460449222,114.9689483642578,-157.06146240234418
2018-05-11,2018-05-11,2018-07-05,129.95262145996094,114.12081909179688,-158.31802368164062
2018-05-14,2018-05-14,2018-07-06,131.33473205566406,114.21504974365234,-171.1968231201172
2018-05-15,2018-05-15,2018-07-09,134.35032653808594,115.91131591796876,-184.39010620117173
2018-05-16,2018-05-16,2018-07-10,134.09901428222656,115.62860107421876,-184.70413208007798
2018-05-17,2018-05-17,2018-07-11,134.09901428222656,114.9061279296875,-191.92886352539062
2018-05-18,2018-05-18,2018-07-12,133.78488159179688,114.71764373779295,-190.6723785400392
2018-05-21,2018-05-21,2018-07-13,133.596435546875,114.18363189697266,-194.12803649902344
2018-05-22,2018-05-22,2018-07-16,132.40277099609378,113.9323272705078,-184.7044372558598
2018-05-23,2018-05-23,2018-07-17,132.748291015625,113.99515533447266,-187.53135681152344
2018-05-24,2018-05-24,2018-07-18,133.03102111816406,112.1418228149414,-208.89198303222656
2018-05-25,2018-05-25,2018-07-19,133.219482421875,111.48219299316406,-217.37289428710938
2018-05-28,2018-05-28,2018-07-20,130.01542663574222,110.4455795288086,-195.69847106933622
2018-05-29,2018-05-29,2018-07-23,130.04682922363278,111.23088073730469,-188.15948486328097
2018-08-28,2018-08-28,2018-10-08,123.8586196899414,118.9641342163086,-48.944854736328125
2018-08-29,2018-08-29,2018-10-09,121.28280639648438,118.90040588378906,-23.824005126953125
2018-08-30,2018-08-30,2018-10-10,123.73298645019531,119.2828140258789,-44.50172424316406
2018-08-31,2018-08-31,2018-10-11,126.59149169921876,118.35865020751952,-82.32841491699247
2018-09-03,2018-09-03,2018-10-12,122.1937484741211,120.11141204833984,-20.8233642578125
2018-09-04,2018-09-04,2018-10-15,122.1623764038086,119.8883056640625,-22.740707397460938
2018-09-05,2018-09-05,2018-10-16,122.9162368774414,119.31468200683594,-36.01554870605469
2018-09-06,2018-09-06,2018-10-17,125.2093505859375,120.52566528320312,-46.83685302734375
2018-09-07,2018-09-07,2018-10-19,122.94768524169922,120.55754852294922,-23.9013671875
2018-09-10,2018-09-10,2018-10-22,122.9795379638672,120.55754852294922,-24.21989440917983
2018-09-11,2018-09-11,2018-10-23,119.12347412109376,121.70481872558594,25.813446044921733
2018-09-12,2018-09-12,2018-10-24,123.52130889892578,121.35424041748048,-21.670684814452983
2018-09-14,2018-09-14,2018-10-25,127.56855010986328,121.92787170410156,-56.40678405761719
2018-09-17,2018-09-17,2018-10-26,128.6839599609375,120.07952117919922,-86.04438781738281
2018-09-18,2018-09-18,2018-10-29,126.77184295654295,120.81249237060548,-59.593505859374716
2018-09-19,2018-09-19,2018-11-07,126.38944244384766,120.49382019042969,-58.95622253417969
2018-09-21,2018-09-21,2018-11-09,127.72789001464844,122.18283081054688,-55.450592041015625
2018-09-24,2018-09-24,2018-11-26,125.94329071044922,116.28720092773438,-96.56089782714844
2018-09-25,2018-09-25,2018-11-27,122.7564697265625,116.35094451904295,-64.05525207519545
2018-09-26,2018-09-26,2018-11-28,122.91580963134766,117.46632385253906,-54.49485778808594
2018-09-27,2018-09-27,2018-11-29,123.99929809570312,115.04434204101562,-89.549560546875
2018-09-28,2018-09-28,2018-11-30,120.07952117919922,114.8212661743164,-52.582550048828125
2018-10-01,2018-10-01,2018-12-03,122.62899017333984,117.14764404296876,-54.813461303710795
2018-11-01,2018-11-01,2018-12-04,120.11141204833984,119.34654998779295,-7.648620605468892
2018-11-16,2018-11-16,2018-12-05,119.8883056640625,116.95642852783205,-29.318771362304545
2018-12-24,2018-12-24,2019-01-18,123.61690521240234,123.3938217163086,-2.2308349609375
2018-12-26,2018-12-26,2019-01-21,124.47734832763672,121.89600372314452,-25.813446044922017
2018-12-27,2018-12-27,2019-01-22,125.2740478515625,120.90811157226562,-43.65936279296875
2018-12-28,2018-12-28,2019-01-23,125.59273529052734,118.7410659790039,-68.51669311523438
2018-12-31,2018-12-31,2019-01-24,126.61251068115234,119.02786254882812,-75.84648132324219
2019-01-01,2019-01-01,2019-01-25,127.4729461669922,118.45423126220705,-90.18714904785156
2019-01-02,2019-01-02,2019-01-28,124.44548034667969,119.69711303710938,-47.483673095703125
2019-01-03,2019-01-03,2019-01-29,123.0432586669922,118.29491424560548,-47.48344421386719
2019-01-04,2019-01-04,2019-01-30,124.85974884033205,119.25094604492188,-56.088027954101705
2019-01-07,2019-01-07,2019-01-31,126.48503112792969,120.2069854736328,-62.78045654296889
2019-01-08,2019-01-08,2019-02-01,125.78394317626952,121.22677612304688,-45.57167053222642
2019-03-15,2019-03-15,2019-04-22,126.97173309326172,127.99015045166016,10.184173583984375
2019-03-18,2019-03-18,2019-04-23,129.46847534179688,126.8074951171875,-26.60980224609375
2019-03-19,2019-03-19,2019-04-24,130.74969482421878,126.11760711669922,-46.3208770751956
2019-03-20,2019-03-20,2019-04-25,129.69842529296878,125.8547821044922,-38.43643188476577
2019-03-22,2019-03-22,2019-04-26,130.42117309570312,125.36203002929688,-50.5914306640625
2019-03-25,2019-03-25,2019-04-30,132.72077941894528,122.47106170654295,-102.4971771240233
2019-03-26,2019-03-26,2019-05-02,133.27928161621094,124.96778869628906,-83.11492919921875
2019-03-27,2019-03-27,2019-05-03,131.53814697265622,125.39485931396484,-61.43287658691378
2019-03-28,2019-03-28,2019-05-06,130.25689697265622,125.1320571899414,-51.24839782714815
2019-04-01,2019-04-01,2019-05-07,128.48294067382812,125.8547821044922,-26.281585693359233
2019-04-02,2019-04-02,2019-05-08,131.27531433105472,124.8363800048828,-64.38934326171918
2019-04-03,2019-04-03,2019-05-09,132.03089904785156,123.45661163330078,-85.74287414550781
2019-04-04,2019-04-04,2019-05-10,130.97966003417972,121.91258239746094,-90.67077636718778
2019-04-05,2019-04-05,2019-05-13,128.97569274902344,120.0072021484375,-89.68490600585938
2019-04-08,2019-04-08,2019-05-14,130.32261657714844,119.35017395019531,-109.72442626953125
2019-04-09,2019-04-09,2019-05-15,130.32261657714844,117.2804946899414,-130.4212188720703
2019-04-10,2019-04-10,2019-05-16,130.51972961425778,119.48155975341795,-110.3816986083983
2019-04-11,2019-04-11,2019-05-17,128.74575805664062,119.67867279052734,-90.67085266113281
2019-04-12,2019-04-12,2019-05-20,129.46847534179688,123.55516815185548,-59.13307189941392
2019-04-15,2019-04-15,2019-05-21,130.12551879882812,120.86133575439452,-92.64183044433608
2019-06-06,2019-06-06,2019-07-22,128.417236328125,134.10055541992188,56.83319091796875
2019-06-07,2019-06-07,2019-07-23,125.9862060546875,138.27272033691406,122.86514282226562
2019-06-10,2019-06-10,2019-08-14,127.6616439819336,134.79043579101562,71.28791809082031
2019-06-11,2019-06-11,2019-08-16,127.23456573486328,138.73265075683594,114.98085021972656
2019-06-12,2019-06-12,2019-08-19,125.59195709228516,137.66879272460938,120.76835632324219
2019-06-13,2019-06-13,2019-08-20,127.36597442626952,137.00389099121094,96.3791656494142
2019-06-14,2019-06-14,2019-08-21,127.85875701904295,136.23924255371094,83.80485534667983
2019-06-17,2019-06-17,2019-09-11,127.49737548828124,133.91209411621094,64.14718627929702
2019-06-18,2019-06-18,2019-09-12,129.96125793457028,132.74848937988278,27.872314453125
2019-06-19,2019-06-19,2019-09-13,131.60383605957028,134.74322509765622,31.393890380859375
2019-06-20,2019-06-20,2019-09-16,132.03089904785156,134.4107666015625,23.798675537109375
2019-06-21,2019-06-21,2019-09-17,131.34103393554688,133.28042602539062,19.3939208984375
2019-06-24,2019-06-24,2019-09-18,130.78253173828122,134.34426879882812,35.617370605469034
2019-06-25,2019-06-25,2019-09-19,132.45797729492188,133.74583435058594,12.878570556640625
2019-06-26,2019-06-26,2019-09-20,137.74708557128906,130.45457458496094,-72.92510986328125
2019-06-27,2019-06-27,2019-09-23,136.46588134765622,125.2018051147461,-112.64076232910128
2019-06-28,2019-06-28,2019-09-24,135.94026184082028,126.6313705444336,-93.0889129638669
2019-07-01,2019-07-01,2019-09-25,136.03880310058594,132.15007019042972,-38.887329101562216
2019-07-02,2019-07-02,2019-09-26,136.23593139648438,132.48252868652344,-37.534027099609375
2019-07-03,2019-07-03,2019-09-27,137.28718566894528,131.7178955078125,-55.69290161132784
2019-07-04,2019-07-04,2019-09-30,138.10847473144528,132.34954833984378,-57.58926391601506
2019-07-05,2019-07-05,2019-10-01,135.2503662109375,130.65403747558594,-45.963287353515625
2019-07-08,2019-07-08,2019-10-03,132.22801208496094,132.3828125,1.548004150390625
2019-07-09,2019-07-09,2019-10-04,134.52763366699222,130.68728637695312,-38.40347290039091
2019-07-10,2019-07-10,2019-10-07,134.88900756835938,130.65403747558594,-42.349700927734375
2019-07-11,2019-07-11,2019-10-09,137.05720520019528,131.45191955566406,-56.052856445312216
2019-07-12,2019-07-12,2019-10-10,135.80886840820312,132.3828125,-34.26055908203125
2019-07-15,2019-07-15,2019-10-11,134.65904235839844,133.64610290527344,-10.12939453125
2019-07-31,2019-07-31,2019-10-14,138.502685546875,131.91737365722656,-65.85311889648438
2019-08-01,2019-08-01,2019-10-15,140.60520935058594,133.81234741210938,-67.92861938476562
2019-08-02,2019-08-02,2019-10-16,138.33842468261722,132.01712036132812,-63.21304321289091
2019-08-05,2019-08-05,2019-11-08,132.16230773925778,127.42925262451172,-47.33055114746065
2019-08-06,2019-08-06,2019-11-11,130.15835571289062,127.49573516845705,-26.626205444335795
2019-08-07,2019-08-07,2019-11-13,130.65115356445312,125.83346557617188,-48.1768798828125
2019-08-08,2019-08-08,2019-11-14,133.18070983886722,125.00233459472656,-81.78375244140653
2019-08-29,2019-08-29,2019-11-15,136.17276000976562,124.76962280273438,-114.0313720703125
2019-08-30,2019-08-30,2019-11-18,133.31365966796878,126.76435089111328,-65.49308776855497
2019-09-03,2019-09-03,2019-11-19,131.01974487304688,129.95590209960938,-10.638427734375
2019-09-04,2019-09-04,2019-11-20,130.91999816894528,130.38809204101562,-5.319061279296591
2019-09-05,2019-09-05,2019-11-21,132.54902648925778,130.52105712890622,-20.279693603515625
2019-09-06,2019-09-06,2019-11-22,135.30838012695312,132.15007019042972,-31.58309936523409
2019-10-24,2019-10-24,2019-11-25,135.70732116699222,132.05035400390622,-36.56967163085994
2019-10-25,2019-10-25,2019-11-26,134.94270324707028,129.25773620605472,-56.84967041015568
2019-10-29,2019-10-29,2019-12-06,133.67935180664062,124.07147216796876,-96.07879638671861
2019-10-30,2019-10-30,2019-12-09,132.94795227050778,124.9690933227539,-79.78858947753878
2019-10-31,2019-10-31,2019-12-10,131.88410949707028,121.51158905029295,-103.7252044677733
2019-11-01,2019-11-01,2019-12-11,131.18595886230472,120.8466796875,-103.39279174804716
2019-11-04,2019-11-04,2019-12-12,129.49044799804688,122.84138488769531,-66.49063110351562
2020-01-08,2020-01-08,2020-02-05,126.6978530883789,125.89995574951172,-7.978973388671875
2020-01-15,2020-01-15,2020-02-06,129.15798950195312,128.26039123535156,-8.975982666015625
2020-01-16,2020-01-16,2020-02-07,130.62078857421878,126.5980987548828,-40.2268981933598
2020-01-17,2020-01-17,2020-02-10,131.25244140625,124.07147216796876,-71.80969238281236
2020-01-20,2020-01-20,2020-02-11,136.07301330566406,125.99968719482422,-100.73326110839844
2020-01-21,2020-01-21,2020-02-12,133.38015747070312,125.89995574951172,-74.80201721191406
2020-01-22,2020-01-22,2020-02-13,133.01445007324222,126.6978530883789,-63.1659698486331
2020-01-23,2020-01-23,2020-02-14,134.27778625488278,122.4092025756836,-118.6858367919919
2020-01-24,2020-01-24,2020-02-17,130.95326232910156,122.07674407958984,-88.76518249511719
2020-01-27,2020-01-27,2020-02-18,128.32687377929688,123.00762176513672,-53.19252014160156
2020-01-28,2020-01-28,2020-02-19,126.6313705444336,124.6698989868164,-19.614715576171875
2020-01-29,2020-01-29,2020-02-20,127.9279327392578,125.83346557617188,-20.944671630859233
2020-01-30,2020-01-30,2020-02-24,129.25773620605472,123.739013671875,-55.18722534179716
2020-01-31,2020-01-31,2020-02-25,124.2376937866211,123.7722625732422,-4.65431213378892
2020-04-23,2020-04-23,2020-05-27,108.9215850830078,108.33560943603516,-5.85975646972642
2020-04-28,2020-04-28,2020-05-28,108.37007904052734,108.40455627441406,0.3447723388671875
2020-04-29,2020-04-29,2020-05-29,108.9560546875,108.61136627197266,-3.4468841552734375
2020-05-12,2020-05-12,2020-06-01,112.57528686523438,109.5075454711914,-30.677413940429688
2020-05-13,2020-05-13,2020-06-02,114.88470458984376,113.78167724609376,-11.0302734375
2020-05-14,2020-05-14,2020-06-03,110.85183715820312,113.43699645996094,25.851593017578125
2020-05-18,2020-05-18,2020-06-04,106.5087661743164,116.67707061767578,101.68304443359375
2020-05-19,2020-05-19,2020-07-20,108.9560546875,112.71316528320312,37.57110595703125
2020-05-20,2020-05-20,2020-07-21,109.2318115234375,119.71033477783205,104.78523254394545
2020-05-21,2020-05-21,2020-07-22,109.5420150756836,123.84659576416016,143.04580688476562
2020-06-09,2020-06-09,2020-07-23,117.5732650756836,125.2942886352539,77.21023559570312
2020-06-15,2020-06-15,2020-07-24,112.54080963134766,125.46662902832031,129.25819396972656
2020-06-16,2020-06-16,2020-07-27,112.16165161132812,124.70832061767578,125.46669006347656
2020-06-17,2020-06-17,2020-09-18,109.95564270019531,121.21857452392578,112.62931823730469
2020-06-18,2020-06-18,2020-09-21,114.05743408203124,120.23133087158205,61.7389678955081
2020-06-19,2020-06-19,2020-09-22,118.15924072265624,119.03254699707031,8.733062744140767
2020-06-22,2020-06-22,2020-09-23,123.12274169921876,115.57722473144531,-75.45516967773452
2020-06-26,2020-06-26,2020-09-24,123.53639221191406,112.3686981201172,-111.67694091796861
2020-06-29,2020-06-29,2020-09-25,122.8814697265625,113.3559341430664,-95.25535583496094
2020-06-30,2020-06-30,2020-09-28,120.53758239746094,118.57418823242188,-19.633941650390625
2020-07-01,2020-07-01,2020-09-29,119.57244873046876,115.15412139892578,-44.18327331542983
2020-07-02,2020-07-02,2020-09-30,120.70993041992188,114.55471801757812,-61.5521240234375
2020-07-03,2020-07-03,2020-10-01,122.43336486816406,116.07083129882812,-63.625335693359375
2020-07-06,2020-07-06,2020-10-05,122.70912170410156,114.83678436279295,-78.72337341308608
2020-07-07,2020-07-07,2020-10-06,119.3311767578125,115.08360290527344,-42.475738525390625
2020-07-08,2020-07-08,2020-10-07,117.02175903320312,112.54499053955078,-44.76768493652344
2020-07-09,2020-07-09,2020-10-08,118.26264190673828,111.62826538085938,-66.34376525878906
2020-08-27,2020-08-27,2020-10-09,127.6726531982422,111.4167251586914,-162.55928039550795
2020-08-28,2020-08-28,2020-10-12,125.6734390258789,112.68602752685548,-129.87411499023423
2020-08-31,2020-08-31,2020-10-13,123.3640365600586,113.1443862915039,-102.19650268554688
2020-09-01,2020-09-01,2020-10-14,124.3636245727539,110.74681091308594,-136.1681365966797
2020-09-04,2020-09-04,2020-10-15,123.43985748291016,109.83008575439452,-136.0977172851564
2020-10-29,2020-10-29,2020-12-11,121.00701904296876,136.16816711425778,151.6114807128902
2020-10-30,2020-10-30,2020-12-14,120.58392333984376,137.01435852050778,164.3043518066402
2020-11-02,2020-11-02,2020-12-15,122.0295181274414,135.95660400390622,139.27085876464815
2020-11-03,2020-11-03,2020-12-16,126.89517974853516,138.35417175292972,114.5899200439456
2020-11-04,2020-11-04,2020-12-17,124.88544464111328,139.87376403808594,149.88319396972656
2020-11-05,2020-11-05,2021-02-02,126.26053619384766,140.5250244140625,142.64488220214844
2020-11-06,2020-11-06,2021-02-03,125.83743286132812,149.42539978027344,235.87966918945312
2020-11-09,2020-11-09,2021-02-04,129.786376953125,148.59326171875,188.06884765625
2020-11-10,2020-11-10,2021-02-05,131.0909423828125,149.8595733642578,187.68630981445312
2020-11-11,2020-11-11,2021-02-08,133.73532104492188,153.80323791503906,200.67916870117188
2020-11-12,2020-11-12,2021-03-12,133.62953186035156,162.1756134033203,285.4608154296875
2020-11-13,2020-11-13,2021-03-15,133.17117309570312,165.1973114013672,320.2613830566406
2020-11-17,2020-11-17,2021-03-16,131.7255859375,165.41839599609375,336.9281005859375
2020-11-18,2020-11-18,2021-04-12,130.73835754394528,148.24642944335938,175.0807189941409
2020-11-19,2020-11-19,2021-04-13,133.84109497070312,153.84759521484375,200.06500244140625
2020-11-20,2020-11-20,2021-04-15,135.28668212890622,153.14744567871094,178.60763549804716
2020-11-23,2020-11-23,2021-04-16,137.33168029785156,154.6582794189453,173.2659912109375
2020-11-24,2020-11-24,2021-04-19,137.1553955078125,148.2832794189453,111.27883911132812
2020-11-25,2020-11-25,2021-04-20,137.71952819824222,150.12576293945312,124.06234741210909
2020-11-26,2020-11-26,2021-04-22,139.37667846679688,149.94151306152344,105.64834594726562
2020-11-27,2020-11-27,2021-04-23,135.67454528808594,155.61636352539062,199.41818237304688
2020-12-01,2020-12-01,2021-04-26,135.6392822265625,159.04339599609375,234.0411376953125
2020-12-02,2020-12-02,2021-04-27,136.9085693359375,159.66983032226562,227.61260986328125
2020-12-03,2020-12-03,2021-04-28,136.41496276855472,162.80206298828125,263.87100219726534
2020-12-04,2020-12-04,2021-04-29,137.04962158203122,162.2493133544922,251.99691772460966
2020-12-07,2020-12-07,2021-06-29,136.45022583007812,173.93067932128906,374.8045349121094
2020-12-08,2020-12-08,2021-06-30,135.11041259765622,171.2775115966797,361.67098999023466
2021-01-13,2021-01-13,2021-07-01,148.33998107910156,170.0983123779297,217.58331298828125
2021-01-14,2021-01-14,2021-07-02,148.41236877441406,167.9978790283203,195.8551025390625
2021-01-15,2021-01-15,2021-07-05,146.89276123046875,169.7298126220703,228.37051391601562
2021-01-18,2021-01-18,2021-07-07,141.64659118652344,170.2088623046875,285.6227111816406
2021-01-19,2021-01-19,2021-07-08,144.46868896484375,170.35626220703125,258.875732421875
2021-01-20,2021-01-20,2021-07-09,141.93605041503906,169.69296264648438,277.5691223144531
2021-01-21,2021-01-21,2021-07-12,141.2124481201172,168.771728515625,275.5928039550781
2021-01-22,2021-01-22,2021-07-13,140.5250244140625,168.51377868652344,279.8875427246094
2021-02-19,2021-02-19,2021-07-14,168.02218627929688,169.47186279296875,14.49676513671875
2021-02-22,2021-02-22,2021-07-15,162.7760009765625,169.8035125732422,70.27511596679688
2021-02-23,2021-02-23,2021-07-16,163.60816955566406,172.3461456298828,87.3797607421875
2021-02-24,2021-02-24,2021-07-19,161.18406677246094,171.83026123046875,106.46194458007812
2021-02-25,2021-02-25,2021-07-20,164.6573944091797,170.466796875,58.094024658203125
2021-02-26,2021-02-26,2021-07-22,155.06956481933594,171.90394592285156,168.34381103515625
2021-03-01,2021-03-01,2021-07-23,164.4403076171875,171.71969604492188,72.79388427734375
2021-03-02,2021-03-02,2021-09-02,162.84835815429688,172.7023162841797,98.53958129882812
2021-03-03,2021-03-03,2021-09-03,164.6212158203125,172.5057830810547,78.84567260742188
2021-03-04,2021-03-04,2021-09-06,162.92074584960938,171.0809326171875,81.60186767578125
2021-03-05,2021-03-05,2021-09-07,159.3750457763672,170.0,106.24954223632812
2021-03-08,2021-03-08,2021-09-08,162.2493133544922,172.85000610351562,106.00692749023438
2021-05-10,2021-05-10,2021-09-09,162.02822875976562,173.5,114.71771240234375
2021-05-11,2021-05-11,2021-09-13,164.64454650878906,173.89999389648438,92.55447387695312
2021-05-12,2021-05-12,2021-09-14,166.5238800048828,174.10000610351562,75.76126098632812
2021-05-14,2021-05-14,2021-09-15,168.6611785888672,177.89999389648438,92.38815307617188
2021-05-17,2021-05-17,2021-09-16,168.32952880859375,179.4499969482422,111.20468139648438
2021-05-18,2021-05-18,2021-11-02,171.79339599609375,185.5,137.0660400390625
2021-05-19,2021-05-19,2021-11-03,172.27244567871094,183.9499969482422,116.7755126953125
2021-05-20,2021-05-20,2021-11-08,168.73486328125,189.1499938964844,204.15130615234403
2021-05-21,2021-05-21,2021-11-09,167.9978790283203,186.5500030517578,185.521240234375
2021-05-24,2021-05-24,2021-11-10,170.24571228027344,184.3999938964844,141.54281616210966
2021-05-25,2021-05-25,2021-11-11,171.64601135253906,182.1499938964844,105.03982543945341
2021-05-26,2021-05-26,2021-11-12,166.2659454345703,182.0,157.34054565429688
2021-05-27,2021-05-27,2021-11-15,168.2558135986328,188.3000030517578,200.44189453125
2021-05-28,2021-05-28,2021-11-16,166.1553955078125,187.6000061035156,214.44610595703097
2021-05-31,2021-05-31,2021-11-17,166.30279541015625,190.8999938964844,245.97198486328153
2021-06-01,2021-06-01,,165.38156127929688,,
2021-06-02,2021-06-02,,167.62937927246094,,
2021-06-03,2021-06-03,,166.78182983398438,,
2021-06-14,2021-06-14,,183.2905120849609,,
2021-06-15,2021-06-15,,182.4798126220703,,
2021-06-16,2021-06-16,,178.46319580078125,,
2021-06-17,2021-06-17,,176.7681121826172,,
2021-06-18,2021-06-18,,171.71969604492188,,
2021-06-21,2021-06-21,,173.08314514160156,,
2021-06-22,2021-06-22,,172.4935302734375,,
2021-06-23,2021-06-23,,171.16696166992188,,
2021-08-11,2021-08-11,,173.2919158935547,,
2021-08-12,2021-08-12,,183.7572326660156,,
2021-08-13,2021-08-13,,181.54624938964844,,
2021-08-16,2021-08-16,,177.5664825439453,,
2021-08-17,2021-08-17,,180.072265625,,
2021-08-18,2021-08-18,,177.4682159423828,,
2021-08-20,2021-08-20,,175.50289916992188,,
2021-08-23,2021-08-23,,172.6040496826172,,
2021-08-24,2021-08-24,,173.53758239746094,,
2021-08-25,2021-08-25,,172.45664978027344,,
2021-09-22,2021-09-22,,176.75,,
2021-09-23,2021-09-23,,178.25,,
2021-09-24,2021-09-24,,176.14999389648438,,
2021-09-27,2021-09-27,,176.0,,
2021-09-30,2021-09-30,,189.8999938964844,,
2021-10-01,2021-10-01,,191.8500061035156,,
2021-10-04,2021-10-04,,191.6499938964844,,
2021-10-05,2021-10-05,,189.9499969482422,,
2021-10-06,2021-10-06,,187.6000061035156,,
2021-10-07,2021-10-07,,188.3000030517578,,
2021-10-08,2021-10-08,,187.6999969482422,,
2021-10-11,2021-10-11,,193.4499969482422,,
2021-10-12,2021-10-12,,193.3500061035156,,
2021-10-13,2021-10-13,,199.3999938964844,,
2021-10-14,2021-10-14,,204.6499938964844,,
2021-10-18,2021-10-18,,203.8000030517578,,
2021-10-19,2021-10-19,,198.6499938964844,,
2021-10-20,2021-10-20,,194.3500061035156,,
2021-10-21,2021-10-21,,194.0500030517578,,
2021-10-22,2021-10-22,,194.4499969482422,,
2021-10-25,2021-10-25,,192.6499938964844,,
2021-10-26,2021-10-26,,190.3999938964844,,
2021-10-27,2021-10-27,,190.25,,
